Date,NumberGroceryShop,NumberGroceryOnline,NumberNongroceryShop,NumberNongroceryOnline,RevenueGroceryShop,RevenueGroceryOnline,RevenueNongroceryShop,RevenueNongroceryOnline
2021-01-01,38939.0,5771.0,19520.0,5650.0,199.042,29.649,142.192,38.983
2021-01-02,40866.0,5188.0,18076.0,5653.0,216.64,27.076,126.449,37.647
2021-01-03,36949.0,6456.0,19838.0,3591.0,185.655,34.075,140.605,24.282
2021-01-04,33325.0,4408.0,18577.0,4481.0,171.993,22.636,131.303,29.843
2021-01-05,27997.0,4918.0,18074.0,5130.0,143.343,26.057,128.51,34.411
2021-01-06,29416.0,4129.0,19703.0,3354.0,147.951,21.916,136.765,22.955
2021-01-07,36739.0,4298.0,18911.0,4333.0,183.473,21.228,129.746,28.522
2021-01-08,39352.0,6182.0,18786.0,3802.0,195.831,31.627,130.851,26.681
2021-01-09,37576.0,6938.0,18647.0,4709.0,187.448,36.323,129.777,32.344
2021-01-10,36142.0,5332.0,19955.0,4876.0,182.213,28.281,137.301,32.234
2021-01-11,35715.0,3888.0,19097.0,5798.0,177.562,20.46,131.513,39.228
2021-01-12,30467.0,3470.0,18593.0,4080.0,155.807,17.666,129.883,28.511
2021-01-13,27915.0,5291.0,20043.0,4615.0,140.097,27.223,140.054,31.309
2021-01-14,34057.0,4803.0,20317.0,4080.0,175.388,25.65,148.128,28.116
2021-01-15,40739.0,5136.0,18693.0,5719.0,207.729,27.848,130.958,38.734
2021-01-16,38769.0,5128.0,20968.0,4524.0,192.539,26.431,145.239,30.237
2021-01-17,36080.0,5876.0,18201.0,4675.0,182.764,30.926,129.419,32.625
2021-01-18,33396.0,3677.0,18750.0,5671.0,168.442,19.194,130.431,39.297
2021-01-19,27460.0,3465.0,18866.0,5857.0,139.473,17.631,132.292,40.795
2021-01-20,27400.0,3376.0,19063.0,5223.0,139.261,18.029,131.802,35.176
2021-01-21,33744.0,6264.0,19449.0,4289.0,166.537,32.801,142.675,30.075
2021-01-22,38815.0,6187.0,18189.0,4306.0,196.47,33.151,130.633,30.847
2021-01-23,41516.0,4335.0,19804.0,5102.0,210.303,23.128,138.581,36.321
2021-01-24,35024.0,5077.0,18149.0,4884.0,178.037,26.271,124.525,32.86
2021-01-25,38508.0,4756.0,20330.0,4570.0,193.162,24.751,143.331,32.619
2021-01-26,28389.0,4254.0,20017.0,3982.0,147.467,22.035,143.309,28.001
2021-01-27,34382.0,4174.0,19007.0,6523.0,177.894,22.46,133.073,45.474
2021-01-28,33650.0,4981.0,18103.0,4141.0,172.147,25.54,123.623,27.857
2021-01-29,39938.0,5101.0,17966.0,4410.0,203.754,27.16,126.643,29.214
2021-01-30,40804.0,3307.0,19713.0,4030.0,207.995,17.856,139.327,27.258
2021-01-31,38272.0,4303.0,19266.0,4714.0,196.003,22.49,135.031,31.966
2021-02-01,34663.0,4250.0,18573.0,5012.0,174.035,22.024,131.954,34.851
2021-02-02,31427.0,5503.0,19184.0,3355.0,159.431,28.867,130.977,21.947
2021-02-03,28428.0,6244.0,19871.0,3909.0,143.565,33.873,139.821,27.54
2021-02-04,34052.0,6136.0,19376.0,4243.0,175.892,31.963,141.403,28.994
2021-02-05,39054.0,5791.0,18451.0,6145.0,204.132,30.75,128.105,41.133
2021-02-06,40060.0,5200.0,18736.0,4310.0,209.722,28.027,131.371,28.652
2021-02-07,38509.0,5369.0,19142.0,3813.0,197.637,27.61,135.599,25.365
2021-02-08,34294.0,4375.0,19986.0,4579.0,179.546,23.341,141.134,30.969
2021-02-09,28097.0,4991.0,17825.0,4903.0,143.787,25.489,123.179,34.275
2021-02-10,25987.0,4909.0,19738.0,5359.0,131.695,25.19,137.852,37.783
2021-02-11,35711.0,3715.0,18402.0,5067.0,178.955,19.26,129.619,34.368
2021-02-12,38884.0,6085.0,17898.0,3890.0,203.014,32.392,127.762,27.524
2021-02-13,38869.0,4973.0,19246.0,4226.0,198.072,26.605,137.177,29.551
2021-02-14,40283.0,6906.0,19276.0,4530.0,204.147,36.093,132.468,31.257
2021-02-15,34506.0,4848.0,20072.0,4939.0,178.288,24.473,135.06,33.399
2021-02-16,29002.0,4462.0,19453.0,6679.0,153.194,24.12,135.523,46.87
2021-02-17,28769.0,4109.0,20333.0,4127.0,146.254,21.309,138.407,28.291
2021-02-18,33380.0,6253.0,19968.0,6084.0,168.954,33.158,137.167,42.314
2021-02-19,38417.0,4914.0,18641.0,4032.0,198.139,25.846,129.831,27.974
2021-02-20,42478.0,6298.0,19769.0,4617.0,225.699,33.619,139.736,31.4
2021-02-21,39393.0,5320.0,18998.0,5188.0,201.147,27.426,128.676,35.144
2021-02-22,33253.0,5708.0,18809.0,3917.0,173.376,30.284,130.131,27.105
2021-02-23,28005.0,5333.0,19537.0,4304.0,146.034,28.655,134.309,29.729
2021-02-24,32239.0,4290.0,20066.0,5582.0,161.067,22.603,142.393,38.477
2021-02-25,34171.0,4580.0,20283.0,4763.0,174.591,23.607,143.927,32.702
2021-02-26,39286.0,4568.0,19396.0,5030.0,204.777,24.174,131.605,33.956
2021-02-27,42003.0,5457.0,17934.0,5151.0,217.923,28.917,125.394,35.429
2021-02-28,38458.0,4441.0,20120.0,5252.0,191.65,23.708,143.037,35.254
2021-03-01,34724.0,3028.0,20303.0,5505.0,180.031,14.841,143.094,37.751
2021-03-02,34730.0,4838.0,19130.0,2818.0,177.842,25.973,136.905,19.23
2021-03-03,30334.0,3399.0,18417.0,4571.0,152.708,18.066,127.099,31.219
2021-03-04,34193.0,5039.0,19773.0,3557.0,179.678,26.047,139.382,24.134
2021-03-05,40850.0,3224.0,21399.0,4677.0,207.467,16.243,148.631,31.957
2021-03-06,35427.0,4861.0,18206.0,5957.0,191.829,24.878,130.982,41.725
2021-03-07,39601.0,6456.0,19053.0,5045.0,203.496,33.859,135.706,33.778
2021-03-08,34142.0,5840.0,18595.0,6308.0,171.415,30.431,128.801,45.12
2021-03-09,27809.0,4360.0,20100.0,6326.0,142.639,22.438,143.581,42.679
2021-03-10,31011.0,2592.0,19377.0,3377.0,158.987,13.889,134.978,23.343
2021-03-11,31939.0,5606.0,19284.0,4068.0,163.74,28.978,134.144,29.174
2021-03-12,36104.0,5631.0,19615.0,4783.0,188.135,30.161,140.522,31.897
2021-03-13,40185.0,5273.0,18753.0,4258.0,207.07,27.82,134.232,29.825
2021-03-14,41111.0,5223.0,18730.0,5269.0,210.613,26.648,129.625,36.727
2021-03-15,36230.0,3942.0,19122.0,4178.0,182.3,20.676,129.958,27.87
2021-03-16,32938.0,4903.0,19603.0,4202.0,166.957,25.736,143.29,28.877
2021-03-17,27265.0,3412.0,18068.0,5358.0,140.863,18.205,128.191,36.781
2021-03-18,34307.0,4561.0,19334.0,5212.0,178.451,23.401,138.465,36.28
2021-03-19,37807.0,4851.0,18482.0,6197.0,190.057,25.245,130.907,42.443
2021-03-20,38512.0,5205.0,18232.0,3845.0,196.304,27.109,129.519,26.264
2021-03-21,40072.0,6087.0,21101.0,5659.0,211.187,30.61,147.658,37.614
2021-03-22,34398.0,5347.0,18908.0,5031.0,180.057,27.748,132.052,35.471
2021-03-23,30882.0,4222.0,19137.0,5496.0,159.086,21.26,133.062,37.917
2021-03-24,29970.0,4158.0,21099.0,3641.0,161.043,21.591,148.545,24.858
2021-03-25,35234.0,6244.0,19772.0,4941.0,190.192,33.175,141.767,33.928
2021-03-26,42546.0,4010.0,21264.0,6015.0,229.157,21.457,146.97,42.838
2021-03-27,43552.0,7340.0,20067.0,4325.0,218.472,39.575,144.375,30.123
2021-03-28,42286.0,6249.0,19993.0,4314.0,219.106,32.987,143.92,30.487
2021-03-29,37765.0,5802.0,22588.0,5378.0,190.23,29.774,163.46,37.583
2021-03-30,35128.0,6184.0,21259.0,6158.0,181.322,33.151,154.531,43.197
2021-03-31,34235.0,6402.0,20671.0,5706.0,172.997,34.513,150.323,39.584
2021-04-01,39311.0,5085.0,23652.0,6258.0,199.536,26.53,166.507,45.607
2021-04-02,47960.0,5691.0,23651.0,6086.0,249.514,29.949,171.867,41.964
2021-04-03,46342.0,5197.0,23579.0,4677.0,236.563,28.633,168.689,33.131
2021-04-04,46365.0,4568.0,22886.0,6199.0,239.187,24.072,166.689,44.561
2021-04-05,36156.0,5077.0,19309.0,6105.0,183.678,26.858,132.602,43.056
2021-04-06,30896.0,3989.0,18235.0,3766.0,161.82,20.241,131.645,25.463
2021-04-07,30187.0,4309.0,18637.0,5002.0,156.326,23.122,128.884,33.805
2021-04-08,34059.0,3682.0,19007.0,3569.0,173.784,19.612,135.172,23.867
2021-04-09,40570.0,4827.0,19077.0,5499.0,203.677,26.345,139.77,35.672
2021-04-10,40593.0,6079.0,19108.0,4687.0,201.146,32.717,133.183,32.35
2021-04-11,39349.0,7025.0,19036.0,4499.0,204.342,37.693,137.117,31.571
2021-04-12,35498.0,6092.0,19583.0,3733.0,178.881,31.91,139.807,25.979
2021-04-13,30899.0,3741.0,17892.0,4470.0,160.408,19.43,128.408,29.942
2021-04-14,28973.0,4726.0,18444.0,5715.0,153.365,25.42,125.272,39.158
2021-04-15,34226.0,6056.0,20643.0,4660.0,182.907,33.055,142.877,32.422
2021-04-16,40963.0,6030.0,19817.0,4919.0,209.945,30.993,138.071,34.056
2021-04-17,41411.0,5561.0,20298.0,2991.0,209.733,28.687,142.462,20.709
2021-04-18,40282.0,6254.0,19018.0,5570.0,205.703,33.771,137.316,36.869
2021-04-19,36901.0,4102.0,19625.0,4644.0,200.888,21.864,140.419,31.104
2021-04-20,29752.0,5433.0,19556.0,5475.0,148.534,28.35,137.926,36.416
2021-04-21,30191.0,3956.0,18597.0,4615.0,152.207,20.847,129.432,30.53
2021-04-22,35532.0,6124.0,20280.0,5806.0,191.924,31.805,148.051,40.781
2021-04-23,40438.0,5399.0,17319.0,5145.0,206.485,29.32,122.984,35.617
2021-04-24,37194.0,6308.0,18217.0,4038.0,194.244,33.462,127.847,27.447
2021-04-25,37102.0,5237.0,19798.0,3040.0,186.906,27.162,137.402,20.982
2021-04-26,38024.0,4854.0,19384.0,4556.0,193.056,25.403,137.389,30.721
2021-04-27,30543.0,2742.0,21079.0,4249.0,158.46,14.337,151.051,29.995
2021-04-28,27673.0,5508.0,21082.0,4413.0,144.305,29.454,147.938,30.912
2021-04-29,37366.0,5226.0,19506.0,4961.0,200.346,27.639,139.885,34.661
2021-04-30,39644.0,4439.0,18673.0,3974.0,209.084,23.047,134.314,27.705
2021-05-01,41508.0,4102.0,20503.0,4478.0,215.634,21.314,140.092,31.695
2021-05-02,38668.0,5808.0,18306.0,6865.0,197.416,31.021,128.313,48.074
2021-05-03,31894.0,5284.0,19964.0,5512.0,168.9,28.068,140.496,39.039
2021-05-04,30404.0,4667.0,16651.0,5323.0,155.661,25.021,115.702,36.382
2021-05-05,25867.0,5179.0,18700.0,3497.0,131.678,27.855,133.318,23.044
2021-05-06,30712.0,4740.0,19693.0,3160.0,155.084,25.433,137.004,22.221
2021-05-07,35799.0,4866.0,19732.0,5131.0,181.244,24.82,144.225,34.813
2021-05-08,39480.0,6269.0,19892.0,3030.0,205.629,33.758,140.301,21.369
2021-05-09,39070.0,4944.0,18700.0,3931.0,205.936,26.159,130.834,26.582
2021-05-10,30037.0,5513.0,18987.0,4183.0,158.701,29.79,137.356,28.919
2021-05-11,30784.0,4325.0,22042.0,5049.0,153.694,22.679,155.85,34.806
2021-05-12,29253.0,4126.0,18151.0,3884.0,152.232,20.737,128.478,26.846
2021-05-13,32838.0,5511.0,19647.0,4930.0,172.453,28.994,135.649,33.739
2021-05-14,37095.0,3845.0,18875.0,3132.0,188.861,20.56,133.114,21.763
2021-05-15,41248.0,5208.0,19785.0,3699.0,212.969,27.647,139.316,24.895
2021-05-16,37929.0,5478.0,17946.0,5585.0,192.395,28.323,126.566,38.393
2021-05-17,36072.0,6555.0,18212.0,5515.0,193.147,34.179,127.347,37.337
2021-05-18,29410.0,3746.0,20253.0,4068.0,148.922,20.104,141.016,27.477
2021-05-19,31387.0,5097.0,20258.0,4732.0,155.67,27.325,142.313,32.637
2021-05-20,35091.0,4727.0,18946.0,4076.0,183.033,24.839,137.253,28.162
2021-05-21,37199.0,5149.0,20277.0,4518.0,193.575,28.289,143.559,31.584
2021-05-22,40296.0,4958.0,19234.0,5055.0,210.603,27.006,138.093,35.05
2021-05-23,38678.0,5781.0,19491.0,5974.0,203.039,29.115,145.13,40.402
2021-05-24,33968.0,7873.0,18323.0,5738.0,179.315,40.843,129.592,38.587
2021-05-25,32015.0,5641.0,19141.0,4535.0,167.244,28.958,135.547,31.574
2021-05-26,29078.0,1968.0,18490.0,4228.0,146.408,10.27,134.847,28.631
2021-05-27,33234.0,5683.0,19061.0,5558.0,175.05,28.949,134.244,37.092
2021-05-28,33859.0,6375.0,18724.0,3557.0,180.937,33.554,131.409,25.943
2021-05-29,41037.0,6223.0,21429.0,4506.0,214.038,32.732,155.92,30.771
2021-05-30,40652.0,4744.0,19277.0,4689.0,208.384,25.613,139.777,32.385
2021-05-31,36449.0,5820.0,19931.0,3848.0,187.457,30.309,136.678,26.596
2021-06-01,29674.0,5744.0,19067.0,5377.0,156.438,29.826,136.111,36.863
2021-06-02,31837.0,4165.0,18633.0,5767.0,165.984,21.594,132.133,40.889
2021-06-03,36164.0,5175.0,18968.0,5588.0,190.857,26.668,137.472,38.434
2021-06-04,38519.0,6530.0,22752.0,4705.0,200.438,34.45,161.49,32.504
2021-06-05,42835.0,5883.0,19878.0,6110.0,228.086,30.962,140.282,42.802
2021-06-06,41990.0,5356.0,21697.0,4681.0,222.737,28.506,155.667,32.521
2021-06-07,31829.0,4738.0,20891.0,4210.0,162.975,25.199,149.463,29.533
2021-06-08,30444.0,6476.0,20896.0,4814.0,151.36,33.915,146.36,33.171
2021-06-09,28994.0,4874.0,21690.0,3789.0,155.513,26.005,156.106,26.024
2021-06-10,34617.0,5534.0,20660.0,4339.0,173.706,28.261,150.203,30.586
2021-06-11,38829.0,6023.0,22446.0,5574.0,195.275,32.007,162.617,39.629
2021-06-12,43539.0,4946.0,21143.0,5673.0,220.777,25.67,149.05,39.562
2021-06-13,39882.0,4441.0,21978.0,5105.0,207.511,23.156,159.258,36.294
2021-06-14,34006.0,3763.0,24134.0,6401.0,181.169,20.379,171.883,43.43
2021-06-15,31916.0,3837.0,20588.0,6485.0,170.637,20.115,148.764,45.134
2021-06-16,32843.0,4882.0,21356.0,5993.0,171.272,25.025,156.165,41.343
2021-06-17,37573.0,4672.0,21862.0,6487.0,202.16,25.126,159.087,45.551
2021-06-18,39704.0,6352.0,24390.0,4767.0,202.606,35.163,173.95,33.619
2021-06-19,39359.0,6837.0,24649.0,6384.0,209.575,35.872,170.851,45.197
2021-06-20,42315.0,6599.0,22244.0,6107.0,219.787,34.519,162.888,42.749
2021-06-21,35800.0,5217.0,22780.0,6049.0,194.09,28.185,165.19,42.333
2021-06-22,30207.0,3941.0,25083.0,6749.0,162.203,21.49,179.347,50.543
2021-06-23,28996.0,4721.0,25080.0,5997.0,151.087,25.213,190.563,41.04
2021-06-24,35492.0,7431.0,25229.0,5914.0,182.272,40.711,189.267,41.724
2021-06-25,40494.0,6424.0,25082.0,5908.0,218.293,34.029,186.625,42.944
2021-06-26,43376.0,7495.0,25542.0,5575.0,225.248,39.175,186.67,39.882
2021-06-27,43511.0,5159.0,23517.0,5813.0,224.542,27.183,176.916,40.691
2021-06-28,40903.0,5677.0,26915.0,6136.0,213.213,30.21,208.051,45.403
2021-06-29,32490.0,6303.0,25935.0,6993.0,165.128,33.897,192.453,50.544
2021-06-30,34967.0,5034.0,28564.0,6568.0,185.051,26.925,209.488,48.047
2021-07-01,35556.0,4464.0,28197.0,6896.0,184.89,22.811,207.924,49.664
2021-07-02,42415.0,5660.0,26355.0,7060.0,221.878,30.384,194.558,49.972
2021-07-03,43474.0,6119.0,26189.0,6949.0,228.307,33.29,192.247,49.293
2021-07-04,42894.0,3552.0,26484.0,5282.0,220.254,18.808,196.285,38.294
2021-07-05,37130.0,5965.0,28280.0,5834.0,193.761,32.036,200.913,41.764
2021-07-06,35902.0,5116.0,26764.0,6693.0,187.356,27.384,197.123,47.916
2021-07-07,33890.0,6425.0,28089.0,5805.0,173.27,33.547,205.796,41.676
2021-07-08,36784.0,6634.0,27393.0,7360.0,195.343,35.193,196.502,52.003
2021-07-09,43420.0,7189.0,28073.0,6196.0,224.865,38.471,215.508,45.217
2021-07-10,45425.0,6698.0,28484.0,7052.0,237.298,36.658,206.237,49.901
2021-07-11,42232.0,6261.0,27905.0,6322.0,223.276,33.486,208.381,46.081
2021-07-12,36851.0,3811.0,27987.0,5589.0,195.779,20.375,208.939,40.434
2021-07-13,33528.0,5421.0,26928.0,6655.0,177.359,29.013,195.82,47.848
2021-07-14,33297.0,4584.0,26400.0,6846.0,174.818,24.373,191.955,47.717
2021-07-15,39035.0,5643.0,26209.0,7660.0,204.22,30.273,192.97,53.989
2021-07-16,41955.0,7154.0,26283.0,6790.0,213.479,39.778,188.889,48.695
2021-07-17,46186.0,4698.0,25240.0,6035.0,252.363,23.981,184.347,42.843
2021-07-18,40744.0,6834.0,25352.0,6846.0,219.645,36.535,183.186,49.252
2021-07-19,35377.0,5983.0,26073.0,6264.0,183.359,33.345,179.374,43.731
2021-07-20,33645.0,4759.0,24498.0,5853.0,172.977,25.937,180.16,41.265
2021-07-21,33031.0,5891.0,25833.0,5459.0,175.515,31.717,193.854,39.097
2021-07-22,35654.0,5886.0,25700.0,5265.0,188.717,30.977,185.49,37.908
2021-07-23,40006.0,4790.0,25966.0,6067.0,215.024,24.716,189.131,43.113
2021-07-24,44628.0,7335.0,24080.0,6107.0,236.028,38.625,172.373,44.549
2021-07-25,40322.0,6745.0,24830.0,4594.0,219.024,36.316,174.605,32.693
2021-07-26,36722.0,4636.0,23665.0,5368.0,192.654,25.451,168.54,36.643
2021-07-27,33584.0,6262.0,22837.0,7073.0,173.655,33.683,168.131,50.085
2021-07-28,34080.0,5102.0,23506.0,7029.0,178.643,26.888,171.473,49.451
2021-07-29,36797.0,4764.0,23711.0,6056.0,190.504,25.084,174.77,42.866
2021-07-30,39800.0,4971.0,21969.0,6643.0,207.749,26.271,157.742,46.908
2021-07-31,42723.0,5375.0,23152.0,5025.0,223.197,28.388,167.538,36.451
2021-08-01,36058.0,5912.0,21098.0,5746.0,183.994,31.96,152.635,40.014
2021-08-02,36568.0,5283.0,20722.0,4797.0,193.707,29.08,150.717,33.701
2021-08-03,30560.0,3271.0,22727.0,6172.0,162.907,17.84,169.063,42.025
2021-08-04,32010.0,6222.0,23752.0,6274.0,162.739,33.732,171.014,44.792
2021-08-05,32048.0,3797.0,22018.0,5752.0,164.036,20.354,156.394,40.05
2021-08-06,38964.0,5262.0,20356.0,5209.0,201.18,28.692,146.76,35.96
2021-08-07,44201.0,5899.0,19909.0,6058.0,237.332,30.208,142.609,42.897
2021-08-08,39492.0,3355.0,20410.0,6135.0,209.539,18.29,149.464,42.166
2021-08-09,32319.0,5580.0,22917.0,4432.0,170.07,29.646,165.434,30.139
2021-08-10,29844.0,3964.0,20947.0,5766.0,156.187,20.926,149.634,39.412
2021-08-11,29418.0,3936.0,21368.0,5423.0,153.758,20.427,150.24,38.742
2021-08-12,32492.0,4516.0,18164.0,5885.0,171.806,24.81,132.036,40.416
2021-08-13,39474.0,6147.0,19849.0,3953.0,207.365,32.949,140.641,28.082
2021-08-14,41729.0,4299.0,20874.0,5401.0,224.318,22.157,149.923,35.715
2021-08-15,39037.0,5334.0,18651.0,5841.0,197.798,28.468,134.231,41.075
2021-08-16,36598.0,4752.0,18256.0,4802.0,194.05,25.382,128.788,35.021
2021-08-17,36058.0,5951.0,19355.0,4809.0,178.961,32.124,141.379,33.458
2021-08-18,29392.0,3196.0,19258.0,4438.0,156.923,17.002,134.822,30.957
2021-08-19,33740.0,5115.0,19902.0,6454.0,176.22,27.681,141.147,44.786
2021-08-20,39148.0,6538.0,20271.0,3745.0,201.01,36.097,138.168,26.004
2021-08-21,41196.0,4813.0,19581.0,5207.0,217.503,26.184,136.066,36.463
2021-08-22,40171.0,5715.0,18561.0,4863.0,211.669,30.317,130.719,33.444
2021-08-23,32594.0,4070.0,19510.0,4917.0,170.15,21.474,136.72,33.724
2021-08-24,30348.0,4601.0,19168.0,5420.0,160.176,24.742,137.84,37.054
2021-08-25,29641.0,5544.0,18070.0,5053.0,156.123,29.034,130.408,35.548
2021-08-26,33502.0,5294.0,20650.0,4301.0,175.695,28.627,150.254,30.181
2021-08-27,39403.0,4472.0,20698.0,4832.0,205.975,23.202,148.769,33.678
2021-08-28,40208.0,4337.0,21006.0,3606.0,215.606,23.364,149.144,24.807
2021-08-29,36781.0,5437.0,18894.0,4499.0,195.176,28.461,133.86,31.054
2021-08-30,31896.0,4810.0,20736.0,4049.0,170.627,25.6,141.914,28.238
2021-08-31,30725.0,4371.0,21357.0,5824.0,160.475,23.762,156.113,41.353
2021-09-01,31803.0,4070.0,17707.0,4844.0,165.531,21.33,126.446,33.73
2021-09-02,34345.0,4663.0,19110.0,3908.0,182.593,24.7,138.09,27.717
2021-09-03,42510.0,4293.0,21012.0,4376.0,221.315,22.885,145.296,30.471
2021-09-04,41882.0,4644.0,18690.0,4206.0,216.671,24.772,130.322,30.027
2021-09-05,40651.0,2997.0,17536.0,5472.0,215.05,16.041,126.434,37.492
2021-09-06,33586.0,3935.0,20081.0,5468.0,174.543,20.404,140.535,38.884
2021-09-07,32320.0,4668.0,19051.0,4109.0,164.355,24.51,133.748,27.891
2021-09-08,29516.0,6510.0,19594.0,5072.0,154.363,34.856,138.407,35.37
2021-09-09,33742.0,6325.0,18262.0,4637.0,175.911,34.078,130.982,33.849
2021-09-10,38387.0,5741.0,19199.0,4496.0,202.242,30.604,136.154,30.731
2021-09-11,40739.0,5708.0,20082.0,5345.0,225.928,30.921,143.564,37.498
2021-09-12,41271.0,6076.0,19457.0,4469.0,219.03,32.051,134.55,30.964
2021-09-13,32844.0,6435.0,20053.0,4251.0,178.315,33.39,140.13,29.183
2021-09-14,27387.0,3595.0,19598.0,3430.0,143.808,19.26,144.577,23.989
2021-09-15,29212.0,6542.0,19803.0,4988.0,149.424,35.946,138.008,33.154
2021-09-16,33040.0,3127.0,18836.0,5383.0,173.86,16.239,130.616,36.151
2021-09-17,40229.0,4084.0,19291.0,6108.0,209.538,22.152,135.741,42.021
2021-09-18,39546.0,6016.0,19444.0,5858.0,203.965,33.107,138.414,40.277
2021-09-19,42306.0,6638.0,17574.0,5825.0,220.191,35.982,124.423,40.447
2021-09-20,36362.0,4218.0,20907.0,6122.0,191.229,22.402,147.708,40.957
2021-09-21,31655.0,4923.0,20186.0,5229.0,164.951,26.878,137.689,36.38
2021-09-22,31233.0,2717.0,18836.0,3375.0,162.307,14.592,134.082,22.878
2021-09-23,33884.0,4727.0,19492.0,4275.0,179.535,25.282,140.084,29.179
2021-09-24,38203.0,4913.0,19518.0,5309.0,195.872,26.483,135.799,37.176
2021-09-25,40305.0,5705.0,20354.0,5939.0,212.472,30.139,140.203,41.099
2021-09-26,39790.0,5570.0,18729.0,4445.0,211.771,30.698,133.276,29.59
2021-09-27,38151.0,6339.0,20259.0,6053.0,201.433,32.817,143.553,42.799
2021-09-28,31514.0,4766.0,20249.0,5209.0,164.842,25.379,144.674,36.918
2021-09-29,26553.0,3182.0,18564.0,4840.0,140.56,17.288,130.253,34.1
2021-09-30,31711.0,3953.0,19478.0,5384.0,167.943,21.131,140.468,38.081
2021-10-01,38312.0,3899.0,20060.0,4656.0,202.571,20.987,146.043,32.657
2021-10-02,40278.0,6039.0,18249.0,5103.0,220.495,32.973,125.547,34.402
2021-10-03,39064.0,4911.0,20523.0,3071.0,203.036,26.112,147.198,21.758
2021-10-04,35588.0,4944.0,19957.0,4722.0,186.009,26.658,142.149,33.122
2021-10-05,32044.0,3936.0,18994.0,4223.0,173.634,21.052,136.841,30.346
2021-10-06,30615.0,4550.0,19483.0,5763.0,165.456,24.702,143.17,39.157
2021-10-07,33737.0,6156.0,19866.0,3453.0,180.267,33.536,143.762,24.863
2021-10-08,36484.0,7036.0,20697.0,5206.0,192.046,38.055,144.677,35.97
2021-10-09,42892.0,4923.0,19791.0,4303.0,222.738,26.397,142.46,29.765
2021-10-10,40672.0,4217.0,19978.0,5457.0,211.915,22.938,139.15,38.532
2021-10-11,37522.0,4628.0,18788.0,5281.0,203.454,24.708,130.41,36.984
2021-10-12,31310.0,3744.0,21418.0,5075.0,166.71,18.866,155.36,35.605
2021-10-13,31840.0,4265.0,20922.0,3888.0,175.613,23.36,145.892,27.158
2021-10-14,31892.0,4729.0,19541.0,5013.0,163.214,24.884,140.232,35.097
2021-10-15,41084.0,5837.0,19245.0,5047.0,214.067,31.144,135.104,34.227
2021-10-16,40518.0,5226.0,19445.0,4031.0,210.994,27.658,143.947,28.02
2021-10-17,40998.0,4542.0,20789.0,5835.0,214.719,24.28,146.05,41.314
2021-10-18,35026.0,3752.0,21288.0,4690.0,187.677,19.739,150.007,32.362
2021-10-19,31136.0,3096.0,18390.0,4450.0,166.727,16.701,127.991,31.313
2021-10-20,34021.0,5365.0,20269.0,4451.0,182.311,29.858,140.858,30.218
2021-10-21,33009.0,5428.0,20494.0,5442.0,177.925,28.613,145.324,38.735
2021-10-22,39188.0,4863.0,21857.0,4877.0,210.56,26.146,159.515,34.024
2021-10-23,40951.0,5597.0,20867.0,5077.0,211.078,30.077,150.932,35.915
2021-10-24,41960.0,5507.0,20223.0,4463.0,221.507,29.011,150.086,31.142
2021-10-25,36836.0,5330.0,20961.0,4626.0,190.185,28.773,147.714,30.938
2021-10-26,32971.0,5471.0,21535.0,4649.0,174.948,28.705,156.191,33.083
2021-10-27,34368.0,5308.0,20127.0,6093.0,178.77,28.457,139.278,43.227
2021-10-28,35406.0,4617.0,21628.0,5812.0,187.396,26.103,157.173,40.335
2021-10-29,38485.0,4998.0,21010.0,5240.0,207.445,26.803,156.248,36.237
2021-10-30,43617.0,6361.0,20571.0,5758.0,237.959,32.954,141.151,40.846
2021-10-31,38921.0,4521.0,20631.0,5159.0,203.92,24.252,149.491,36.425
2021-11-01,38416.0,4342.0,21148.0,4810.0,206.78,23.195,152.775,34.304
2021-11-02,36417.0,6342.0,20589.0,4644.0,190.09,34.718,146.585,33.452
2021-11-03,33619.0,5731.0,21098.0,4482.0,169.468,30.811,153.395,31.478
2021-11-04,37170.0,5333.0,20600.0,5512.0,198.591,27.97,145.636,39.995
2021-11-05,39606.0,5993.0,21765.0,4765.0,207.92,33.025,157.791,33.18
2021-11-06,43195.0,4896.0,20723.0,3911.0,227.341,25.172,149.737,27.732
2021-11-07,42195.0,6420.0,21417.0,6283.0,231.321,35.23,153.885,45.112
2021-11-08,41251.0,5497.0,21740.0,4488.0,221.908,29.817,155.094,30.881
2021-11-09,34407.0,5529.0,21242.0,6468.0,176.762,29.74,152.758,46.113
2021-11-10,31988.0,5223.0,23069.0,4928.0,172.707,27.639,165.019,35.182
2021-11-11,38680.0,6715.0,21798.0,5771.0,204.96,35.41,154.901,41.052
2021-11-12,43682.0,5372.0,23124.0,3241.0,232.984,28.492,170.744,23.726
2021-11-13,43685.0,7618.0,22179.0,3811.0,239.097,41.061,160.608,27.859
2021-11-14,42525.0,6957.0,24721.0,5977.0,222.799,37.817,174.076,41.612
2021-11-15,39105.0,6265.0,22323.0,5011.0,206.622,33.294,157.847,35.413
2021-11-16,36556.0,5806.0,22745.0,5880.0,195.201,30.951,163.695,41.332
2021-11-17,34252.0,5066.0,24754.0,5033.0,181.164,27.373,179.915,36.611
2021-11-18,38658.0,5469.0,24205.0,5387.0,208.263,29.617,169.252,38.652
2021-11-19,42879.0,6510.0,25848.0,7488.0,230.983,35.177,183.973,54.661
2021-11-20,46537.0,6397.0,23549.0,5190.0,249.129,35.141,173.719,36.724
2021-11-21,45051.0,6118.0,23285.0,6193.0,235.03,33.19,169.129,42.883
2021-11-22,39887.0,5034.0,24988.0,5993.0,210.728,28.088,189.174,45.29
2021-11-23,37375.0,6850.0,26619.0,6930.0,205.071,36.593,194.643,50.46
2021-11-24,37642.0,5760.0,26816.0,7333.0,198.025,31.154,197.826,54.579
2021-11-25,40995.0,8418.0,28241.0,6525.0,222.806,46.217,210.545,47.421
2021-11-26,50172.0,7023.0,27012.0,5542.0,261.298,37.61,203.891,41.251
2021-11-27,51298.0,8198.0,27004.0,8338.0,273.578,45.818,201.105,60.324
2021-11-28,51752.0,6315.0,27175.0,7776.0,281.142,32.851,201.111,54.847
2021-11-29,44387.0,6714.0,27844.0,6135.0,242.475,36.001,203.554,45.684
2021-11-30,42950.0,5352.0,27930.0,6258.0,232.659,28.364,204.034,45.911
2021-12-01,44298.0,6917.0,28026.0,7433.0,233.13,37.098,204.756,53.232
2021-12-02,47038.0,7030.0,30831.0,6235.0,254.962,38.158,230.917,45.958
2021-12-03,50581.0,8479.0,29988.0,6177.0,270.058,45.258,226.798,45.658
2021-12-04,54603.0,7068.0,29974.0,7784.0,298.261,38.018,223.868,57.991
2021-12-05,54372.0,7437.0,32507.0,7557.0,309.73,40.684,241.34,54.99
2021-12-06,47503.0,7100.0,29927.0,9420.0,257.042,39.183,230.293,69.611
2021-12-07,44392.0,7036.0,32672.0,7080.0,226.836,38.935,251.127,51.817
2021-12-08,46926.0,8196.0,31194.0,7532.0,264.093,45.625,232.654,55.111
2021-12-09,52431.0,6845.0,32198.0,8207.0,286.395,37.79,256.501,60.065
2021-12-10,56668.0,8302.0,34382.0,8810.0,306.4,46.02,265.229,65.702
2021-12-11,59781.0,8556.0,36273.0,9131.0,336.835,48.2,273.202,66.641
2021-12-12,60336.0,8280.0,35940.0,9161.0,330.747,46.896,281.906,67.028
2021-12-13,56409.0,8821.0,34604.0,9401.0,302.265,47.039,271.241,71.275
2021-12-14,53278.0,8516.0,36148.0,8777.0,277.056,48.053,286.081,66.395
2021-12-15,54914.0,8634.0,39101.0,8082.0,298.04,46.915,304.419,64.662
2021-12-16,59610.0,7481.0,41275.0,10277.0,324.035,42.34,330.688,76.858
2021-12-17,66270.0,10851.0,40058.0,8795.0,371.601,60.06,308.561,69.583
2021-12-18,71321.0,8432.0,42640.0,10508.0,382.233,47.804,355.434,85.457
2021-12-19,69019.0,9739.0,43929.0,10123.0,378.476,54.645,355.502,81.362
2021-12-20,63859.0,8638.0,44176.0,10556.0,349.993,48.903,353.427,82.871
2021-12-21,62055.0,10274.0,44364.0,10393.0,342.678,56.55,342.245,79.237
2021-12-22,63316.0,9879.0,48269.0,11230.0,331.067,54.012,389.697,90.523
2021-12-23,68393.0,10157.0,48994.0,12596.0,365.142,56.125,402.821,97.472
2021-12-24,77155.0,11071.0,48772.0,12243.0,413.014,61.54,375.762,94.994
2021-12-25,78795.0,12529.0,52021.0,12780.0,438.376,69.485,434.269,106.525
2021-12-26,65836.0,9557.0,25020.0,6154.0,366.464,53.099,184.596,44.018
2021-12-27,60797.0,8161.0,23126.0,5855.0,328.666,47.465,167.537,41.246
2021-12-28,61211.0,8568.0,23527.0,6154.0,326.877,47.335,169.039,43.753
2021-12-29,58612.0,9859.0,23463.0,7283.0,313.07,55.588,176.301,53.003
2021-12-30,66325.0,9945.0,23969.0,5439.0,345.324,55.609,183.313,37.58
2021-12-31,72711.0,9470.0,22825.0,6827.0,410.951,54.822,168.119,48.647
2022-01-01,74544.0,9228.0,25119.0,5805.0,403.716,51.485,178.229,42.089
2022-01-02,38999.0,4183.0,19695.0,4119.0,213.72,22.91,143.587,27.678
2022-01-03,32767.0,5082.0,20474.0,4438.0,180.611,27.212,146.008,30.146
2022-01-04,28760.0,4617.0,20018.0,5028.0,149.805,25.092,144.736,35.586
2022-01-05,28841.0,6189.0,21032.0,5182.0,152.976,33.168,147.362,35.989
2022-01-06,32309.0,5214.0,19117.0,4951.0,173.34,27.753,138.947,34.417
2022-01-07,38114.0,4899.0,18399.0,5026.0,199.027,25.616,132.12,34.93
2022-01-08,39140.0,5946.0,19088.0,3775.0,208.674,32.429,133.031,26.068
2022-01-09,38070.0,4766.0,17549.0,4522.0,198.145,25.545,129.132,31.639
2022-01-10,34911.0,7000.0,18821.0,6093.0,188.641,37.746,134.18,43.752
2022-01-11,30327.0,3682.0,18799.0,5781.0,165.187,19.532,131.744,40.561
2022-01-12,30482.0,3848.0,18343.0,4474.0,157.212,21.101,132.171,30.022
2022-01-13,35366.0,5654.0,20051.0,5115.0,190.625,31.104,149.031,36.003
2022-01-14,36348.0,5916.0,17975.0,4671.0,195.589,32.407,127.147,31.852
2022-01-15,41693.0,4950.0,18173.0,3267.0,216.776,27.566,127.519,22.177
2022-01-16,38765.0,4798.0,18640.0,5097.0,206.661,25.832,130.922,35.969
2022-01-17,32919.0,4251.0,19388.0,3507.0,176.074,22.796,138.338,24.211
2022-01-18,31184.0,5711.0,18203.0,3549.0,168.324,30.858,130.833,25.326
2022-01-19,30362.0,4808.0,19416.0,4785.0,164.411,26.741,136.145,32.659
2022-01-20,36701.0,4943.0,18775.0,5554.0,189.112,26.383,133.796,39.201
2022-01-21,38214.0,5970.0,21201.0,4081.0,205.918,33.429,153.997,28.486
2022-01-22,38719.0,4977.0,18547.0,4164.0,198.629,27.449,134.425,29.01
2022-01-23,39136.0,4077.0,19120.0,3902.0,209.826,22.961,140.552,26.486
2022-01-24,35441.0,6496.0,18890.0,5359.0,186.775,35.307,134.95,36.162
2022-01-25,33691.0,3664.0,20055.0,6014.0,176.181,19.933,144.149,41.877
2022-01-26,28976.0,3950.0,18056.0,4277.0,157.763,21.501,130.267,30.188
2022-01-27,33475.0,3433.0,18408.0,4919.0,179.821,18.193,136.408,35.765
2022-01-28,37080.0,6515.0,19264.0,4336.0,202.554,35.429,141.69,30.745
2022-01-29,39494.0,5005.0,18122.0,5371.0,207.703,26.846,129.371,36.888
2022-01-30,38768.0,5314.0,19299.0,2652.0,205.776,28.195,136.69,18.886
2022-01-31,35488.0,5618.0,19110.0,5101.0,187.701,30.864,137.157,34.914
2022-02-01,33624.0,5020.0,18775.0,4391.0,173.973,26.762,132.954,31.288
2022-02-02,31691.0,4218.0,19144.0,4954.0,168.46,22.791,135.975,34.492
2022-02-03,35609.0,4955.0,18101.0,6093.0,191.042,26.931,130.498,42.491
2022-02-04,40050.0,5774.0,20229.0,4312.0,216.366,30.767,142.799,30.387
2022-02-05,37942.0,5671.0,18468.0,5538.0,206.234,30.853,132.828,37.633
2022-02-06,38731.0,4932.0,18698.0,4666.0,208.078,26.877,131.768,33.167
2022-02-07,32132.0,4330.0,18438.0,5570.0,169.645,23.258,134.092,39.276
2022-02-08,32252.0,5178.0,19953.0,6186.0,174.807,28.046,140.525,44.527
2022-02-09,30496.0,4508.0,17636.0,5004.0,159.256,23.653,128.361,33.999
2022-02-10,35131.0,4430.0,18631.0,5299.0,195.238,24.443,128.858,37.347
2022-02-11,36631.0,4559.0,18963.0,5674.0,199.356,24.645,134.645,39.259
2022-02-12,39988.0,6375.0,19673.0,3334.0,217.932,35.772,138.048,22.968
2022-02-13,39384.0,5323.0,18888.0,4736.0,213.656,29.893,134.745,32.761
2022-02-14,33265.0,5042.0,18697.0,4497.0,179.485,27.1,131.783,32.35
2022-02-15,29106.0,3451.0,20598.0,4107.0,157.976,18.931,150.223,28.898
2022-02-16,33197.0,4500.0,19685.0,4506.0,174.819,23.815,138.945,32.304
2022-02-17,33836.0,4187.0,20359.0,4968.0,182.822,22.115,143.019,33.912
2022-02-18,37771.0,4673.0,18586.0,4282.0,201.741,25.463,133.146,29.821
2022-02-19,40555.0,6103.0,20132.0,5820.0,229.05,34.217,142.496,41.073
2022-02-20,37180.0,5191.0,19357.0,4622.0,201.767,28.714,137.638,31.91
2022-02-21,32763.0,5317.0,18568.0,4087.0,178.269,28.598,136.398,26.524
2022-02-22,28781.0,5110.0,20528.0,4199.0,150.178,28.258,150.949,29.806
2022-02-23,30812.0,3834.0,21173.0,4627.0,162.632,21.302,158.027,32.886
2022-02-24,30339.0,4260.0,20344.0,5328.0,156.669,23.632,142.222,36.564
2022-02-25,35451.0,5852.0,19342.0,5418.0,186.481,31.845,137.643,38.272
2022-02-26,38487.0,6782.0,17885.0,5335.0,206.268,37.416,131.281,37.695
2022-02-27,39221.0,5328.0,17639.0,4176.0,204.124,29.286,128.613,28.495
2022-02-28,35669.0,3634.0,20423.0,3696.0,188.337,20.27,143.102,25.554
2022-03-01,30511.0,3787.0,19063.0,5051.0,166.163,20.232,135.941,34.52
2022-03-02,31233.0,3621.0,18802.0,4656.0,170.243,19.204,133.6,32.48
2022-03-03,32974.0,4454.0,17349.0,5027.0,174.215,24.267,123.203,34.763
2022-03-04,35467.0,5255.0,18895.0,3738.0,190.369,29.275,133.208,25.563
2022-03-05,39384.0,5022.0,17721.0,6021.0,215.406,27.64,126.041,40.947
2022-03-06,37199.0,5236.0,19014.0,4990.0,199.763,28.731,136.925,34.957
2022-03-07,35420.0,5787.0,18849.0,4477.0,189.853,32.012,131.17,31.976
2022-03-08,28471.0,4530.0,18952.0,3922.0,156.933,24.733,135.528,28.851
2022-03-09,31403.0,4831.0,19132.0,5167.0,169.962,27.527,136.802,34.713
2022-03-10,31542.0,3270.0,17481.0,5601.0,172.402,17.81,131.441,38.706
2022-03-11,39206.0,4401.0,19561.0,4604.0,214.267,23.888,136.35,31.68
2022-03-12,39060.0,6484.0,19733.0,2457.0,219.508,34.546,148.117,17.307
2022-03-13,41857.0,3991.0,19922.0,6287.0,219.45,22.069,145.222,44.706
2022-03-14,35776.0,4681.0,18963.0,2632.0,198.627,26.052,136.42,18.979
2022-03-15,29001.0,4142.0,18739.0,4208.0,155.994,21.651,129.823,29.078
2022-03-16,29466.0,5507.0,19600.0,4508.0,157.832,29.787,139.257,31.323
2022-03-17,35024.0,5312.0,18209.0,4179.0,188.957,29.072,132.39,30.147
2022-03-18,36541.0,5301.0,19269.0,5161.0,194.834,29.544,140.748,36.452
2022-03-19,42880.0,4681.0,20030.0,5269.0,234.236,26.514,146.209,37.543
2022-03-20,39614.0,3852.0,18422.0,3660.0,216.094,21.976,127.329,25.317
2022-03-21,35547.0,5456.0,19155.0,3796.0,190.114,29.229,137.868,25.761
2022-03-22,29078.0,3087.0,19275.0,4977.0,156.322,16.293,140.325,34.288
2022-03-23,30068.0,4080.0,18081.0,4205.0,165.394,22.449,129.838,30.266
2022-03-24,33597.0,5856.0,17369.0,4631.0,176.739,31.689,123.292,33.094
2022-03-25,39312.0,6774.0,20917.0,3760.0,210.15,37.279,151.206,26.043
2022-03-26,43865.0,5820.0,19625.0,4955.0,237.84,31.603,142.942,35.217
2022-03-27,38186.0,5227.0,20229.0,4901.0,206.149,28.669,144.519,35.159
2022-03-28,32666.0,4875.0,17693.0,4986.0,171.977,26.274,128.287,35.544
2022-03-29,29494.0,6030.0,19635.0,5122.0,153.315,33.133,138.928,36.39
2022-03-30,28293.0,3409.0,19100.0,4913.0,151.46,18.393,136.398,36.079
2022-03-31,35783.0,4102.0,18192.0,4084.0,191.747,22.335,126.606,28.32
2022-04-01,39223.0,3157.0,18467.0,3841.0,215.627,17.134,133.423,26.725
2022-04-02,37429.0,6218.0,20070.0,4422.0,203.225,34.88,140.417,30.385
2022-04-03,39260.0,3534.0,19142.0,4364.0,213.225,19.017,137.453,30.558
2022-04-04,32789.0,5657.0,20248.0,5570.0,182.737,31.331,144.101,39.384
2022-04-05,31428.0,4412.0,16937.0,4625.0,166.333,24.617,126.168,32.909
2022-04-06,30459.0,4537.0,20069.0,5640.0,163.715,24.432,140.509,39.244
2022-04-07,36793.0,3983.0,21888.0,3803.0,197.169,21.447,157.556,26.423
2022-04-08,41353.0,5682.0,20455.0,5162.0,220.32,31.028,147.496,37.712
2022-04-09,42380.0,4818.0,19672.0,5188.0,221.225,26.487,140.208,35.535
2022-04-10,42682.0,7048.0,21735.0,5242.0,232.842,39.733,160.076,37.564
2022-04-11,38671.0,4894.0,19729.0,7394.0,211.295,26.957,140.578,51.563
2022-04-12,33854.0,5995.0,20420.0,3887.0,181.855,33.161,149.372,28.104
2022-04-13,34875.0,4888.0,21057.0,6218.0,194.145,25.911,158.649,44.701
2022-04-14,39582.0,5856.0,23153.0,4539.0,208.532,32.856,169.384,32.866
2022-04-15,44316.0,6358.0,22727.0,4333.0,238.438,34.966,166.972,30.876
2022-04-16,51826.0,9096.0,23652.0,5983.0,283.561,51.032,167.083,42.833
2022-04-17,47840.0,5881.0,24118.0,6153.0,257.688,32.368,180.577,44.959
2022-04-18,38018.0,5832.0,19789.0,5348.0,208.2,32.351,140.325,37.191
2022-04-19,27582.0,4382.0,19562.0,5280.0,148.956,23.97,137.743,36.768
2022-04-20,30408.0,5862.0,20043.0,3906.0,162.197,32.135,149.929,27.348
2022-04-21,27779.0,4026.0,19070.0,4212.0,146.851,22.113,134.227,28.51
2022-04-22,37116.0,5051.0,18965.0,3912.0,199.489,28.436,138.73,28.387
2022-04-23,40326.0,4903.0,18654.0,6053.0,221.579,28.027,132.11,43.332
2022-04-24,39856.0,5953.0,19847.0,3429.0,219.58,32.614,150.493,23.482
2022-04-25,36968.0,3975.0,17933.0,4996.0,200.821,22.36,127.601,34.855
2022-04-26,29530.0,5248.0,19294.0,5129.0,161.843,28.779,138.346,35.917
2022-04-27,28843.0,5528.0,17063.0,3725.0,156.522,30.42,120.394,25.967
2022-04-28,35600.0,4693.0,20816.0,4161.0,186.133,26.742,151.614,29.351
2022-04-29,37573.0,5555.0,18463.0,6599.0,207.708,30.274,138.21,47.324
2022-04-30,40921.0,5327.0,18820.0,3712.0,215.014,29.232,132.306,25.792
2022-05-01,38798.0,6601.0,20523.0,4503.0,207.076,36.432,144.75,30.969
2022-05-02,34440.0,7125.0,19028.0,2880.0,185.373,39.013,136.294,20.952
2022-05-03,29713.0,4101.0,20341.0,5101.0,159.29,22.978,145.792,36.325
2022-05-04,28888.0,4964.0,17907.0,4288.0,155.583,26.948,122.597,29.254
2022-05-05,33688.0,4186.0,18239.0,4322.0,185.372,23.188,136.16,31.469
2022-05-06,37568.0,4898.0,16308.0,5190.0,207.027,27.461,119.468,35.885
2022-05-07,44487.0,6743.0,18219.0,5122.0,236.937,35.784,132.607,36.022
2022-05-08,38297.0,3926.0,17632.0,3483.0,215.175,21.979,125.973,23.641
2022-05-09,36224.0,4054.0,19194.0,5858.0,196.657,22.017,140.254,42.29
2022-05-10,30282.0,3897.0,20190.0,2190.0,161.143,21.536,144.631,15.247
2022-05-11,27841.0,6237.0,20440.0,4233.0,148.441,34.093,143.821,30.529
2022-05-12,32887.0,5892.0,17410.0,4266.0,178.553,31.779,122.692,30.532
2022-05-13,39218.0,6297.0,19419.0,5709.0,209.307,34.927,139.799,40.51
2022-05-14,40718.0,6063.0,19297.0,4962.0,229.304,34.268,142.146,34.267
2022-05-15,39095.0,3612.0,21427.0,5642.0,215.106,19.503,160.429,40.424
2022-05-16,34840.0,5291.0,19693.0,4198.0,185.906,28.54,144.812,30.512
2022-05-17,27500.0,4189.0,18751.0,3208.0,144.727,22.508,134.06,23.08
2022-05-18,29294.0,5383.0,16882.0,4241.0,159.974,28.808,121.883,28.827
2022-05-19,34124.0,5124.0,18558.0,5175.0,188.287,28.385,132.293,37.198
2022-05-20,38060.0,3384.0,19376.0,4823.0,214.54,17.898,142.445,33.743
2022-05-21,38060.0,5671.0,17370.0,3650.0,200.661,31.178,125.05,25.261
2022-05-22,38518.0,5435.0,18688.0,5107.0,210.146,30.587,135.142,37.58
2022-05-23,33076.0,3942.0,19933.0,3270.0,177.552,21.678,141.402,23.612
2022-05-24,31087.0,3289.0,20371.0,4465.0,168.245,17.471,149.331,32.348
2022-05-25,30384.0,6062.0,20636.0,3865.0,163.822,33.961,152.349,27.544
2022-05-26,33368.0,3511.0,19114.0,3991.0,180.751,19.807,140.639,27.615
2022-05-27,37591.0,4655.0,18746.0,4490.0,207.804,26.317,140.668,31.002
2022-05-28,41262.0,6153.0,20718.0,4428.0,220.769,33.715,147.114,30.037
2022-05-29,41031.0,5426.0,20520.0,5366.0,223.104,31.055,149.882,37.951
2022-05-30,35665.0,4853.0,18938.0,5578.0,192.75,27.63,136.741,40.518
2022-05-31,31061.0,3729.0,18900.0,4995.0,167.897,20.504,139.987,35.631
2022-06-01,31296.0,4382.0,20975.0,3680.0,169.884,23.863,144.228,25.963
2022-06-02,33617.0,4366.0,19035.0,4929.0,180.02,24.569,137.731,35.357
2022-06-03,39937.0,5302.0,20743.0,5623.0,217.358,29.027,150.683,41.105
2022-06-04,39291.0,6554.0,20511.0,5567.0,222.248,37.047,149.838,39.076
2022-06-05,39699.0,4884.0,20599.0,5154.0,219.619,28.45,151.858,35.166
2022-06-06,38328.0,6329.0,22260.0,3407.0,202.549,35.855,165.817,24.312
2022-06-07,32768.0,3545.0,20388.0,5095.0,172.741,18.723,149.756,36.034
2022-06-08,30403.0,4600.0,23050.0,4710.0,162.104,25.839,167.815,34.68
2022-06-09,33362.0,4618.0,20201.0,6390.0,177.946,25.749,149.63,45.312
2022-06-10,40146.0,4344.0,20427.0,4409.0,222.907,24.276,147.207,33.157
2022-06-11,43219.0,6000.0,21773.0,6927.0,240.268,34.86,157.628,50.237
2022-06-12,40235.0,6481.0,22585.0,5694.0,216.186,36.486,161.591,42.179
2022-06-13,35855.0,5189.0,21048.0,5254.0,194.795,28.687,147.793,37.994
2022-06-14,30202.0,5763.0,22025.0,5723.0,164.466,30.792,163.839,40.152
2022-06-15,32082.0,5289.0,23842.0,5865.0,173.022,29.999,174.853,42.887
2022-06-16,34878.0,6315.0,22125.0,5669.0,193.869,34.382,160.984,40.351
2022-06-17,40109.0,6737.0,22919.0,5707.0,221.602,37.561,168.119,40.727
2022-06-18,44836.0,5950.0,22671.0,4939.0,243.627,34.019,168.476,36.475
2022-06-19,41993.0,6188.0,22706.0,4801.0,223.935,34.756,165.405,34.768
2022-06-20,35541.0,4667.0,23964.0,5975.0,188.4,25.904,176.149,42.263
2022-06-21,33366.0,3150.0,23850.0,5856.0,184.584,16.857,172.735,42.146
2022-06-22,33070.0,4318.0,23232.0,7118.0,174.35,23.711,176.957,52.509
2022-06-23,35630.0,3583.0,23343.0,6879.0,190.904,19.444,178.953,49.559
2022-06-24,39747.0,5343.0,24878.0,5794.0,215.536,29.002,184.137,42.332
2022-06-25,41797.0,5756.0,24659.0,8563.0,220.168,32.052,179.291,62.952
2022-06-26,42385.0,7297.0,25572.0,6790.0,223.375,41.46,188.119,48.735
2022-06-27,38364.0,5430.0,26390.0,5944.0,209.342,29.463,195.486,43.777
2022-06-28,35531.0,6696.0,24668.0,6623.0,192.969,36.545,183.373,46.855
2022-06-29,33139.0,5982.0,24715.0,5197.0,183.865,34.212,186.274,37.704
2022-06-30,37246.0,4906.0,26671.0,7461.0,211.737,26.143,204.201,55.085
2022-07-01,40675.0,4063.0,25767.0,5356.0,217.956,22.579,191.556,39.639
2022-07-02,42848.0,5673.0,25035.0,7266.0,238.207,30.684,189.866,52.808
2022-07-03,39760.0,5448.0,27116.0,6763.0,220.604,29.748,199.617,48.643
2022-07-04,37602.0,4083.0,26058.0,6074.0,204.89,23.14,196.252,42.807
2022-07-05,34411.0,6127.0,27861.0,6276.0,183.117,32.535,210.301,45.598
2022-07-06,35334.0,5022.0,27380.0,4988.0,197.089,27.648,205.849,36.982
2022-07-07,38517.0,4954.0,27071.0,5789.0,208.243,27.577,200.145,43.75
2022-07-08,37881.0,5116.0,25608.0,7244.0,205.655,28.828,179.778,51.413
2022-07-09,45890.0,6291.0,26446.0,5688.0,244.822,35.373,200.965,41.222
2022-07-10,41714.0,7192.0,26169.0,5406.0,227.427,40.773,196.397,39.848
2022-07-11,38937.0,5806.0,26077.0,3978.0,208.957,32.942,195.118,28.704
2022-07-12,32933.0,3743.0,27443.0,7409.0,181.062,21.179,207.681,53.548
2022-07-13,31282.0,5716.0,28784.0,5924.0,170.142,31.668,216.849,43.336
2022-07-14,34052.0,4226.0,26766.0,5294.0,181.138,23.714,209.041,38.846
2022-07-15,40844.0,7162.0,26340.0,7581.0,226.43,40.84,193.708,55.736
2022-07-16,43285.0,7734.0,26035.0,6246.0,247.773,43.124,191.215,47.696
2022-07-17,42188.0,5411.0,26240.0,6432.0,235.422,29.882,197.554,46.492
2022-07-18,38139.0,6909.0,27006.0,6684.0,212.17,38.031,194.295,49.1
2022-07-19,33499.0,3554.0,24126.0,5772.0,181.067,19.639,179.854,42.233
2022-07-20,31715.0,5960.0,25960.0,6151.0,172.88,33.195,191.484,45.426
2022-07-21,38703.0,4398.0,25263.0,5658.0,211.452,24.528,195.324,41.381
2022-07-22,40198.0,6475.0,26064.0,6912.0,218.348,34.897,194.077,51.45
2022-07-23,43646.0,5385.0,23559.0,6073.0,246.013,28.827,174.988,42.666
2022-07-24,40726.0,5825.0,24813.0,6326.0,222.755,32.312,183.285,45.638
2022-07-25,34903.0,4797.0,24875.0,5414.0,198.136,27.074,189.254,39.782
2022-07-26,32509.0,3981.0,25032.0,5148.0,185.152,22.09,184.458,37.776
2022-07-27,29812.0,5552.0,26051.0,7038.0,160.842,31.531,195.422,52.967
2022-07-28,35481.0,5339.0,24160.0,5409.0,195.375,30.316,174.959,38.572
2022-07-29,38259.0,7527.0,24820.0,4915.0,207.665,42.613,185.493,36.368
2022-07-30,45980.0,7616.0,23183.0,6530.0,254.679,42.158,170.925,46.913
2022-07-31,41011.0,6434.0,23049.0,5834.0,224.568,36.323,168.718,43.188
2022-08-01,33339.0,3593.0,20476.0,4951.0,181.743,20.481,150.142,35.45
2022-08-02,30853.0,4666.0,23686.0,5243.0,162.678,24.992,175.512,36.485
2022-08-03,32429.0,6562.0,21485.0,6055.0,176.036,38.369,159.295,41.848
2022-08-04,33270.0,5309.0,22370.0,5624.0,191.196,28.504,165.397,39.791
2022-08-05,35969.0,4769.0,19395.0,6118.0,193.047,26.237,140.244,43.457
2022-08-06,39852.0,7579.0,22563.0,5952.0,222.98,42.97,168.141,42.332
2022-08-07,39979.0,6698.0,21426.0,6663.0,224.525,37.733,162.662,48.703
2022-08-08,35863.0,4009.0,20017.0,4534.0,199.102,21.988,141.086,31.909
2022-08-09,30128.0,4604.0,20387.0,2891.0,160.642,26.086,151.818,20.83
2022-08-10,29266.0,5756.0,21061.0,4585.0,162.474,31.092,155.826,32.175
2022-08-11,32585.0,5681.0,21212.0,3645.0,185.054,31.12,151.891,26.226
2022-08-12,38232.0,4648.0,21704.0,4317.0,206.896,26.546,157.911,29.905
2022-08-13,41041.0,5519.0,20587.0,4312.0,231.855,30.809,149.388,30.661
2022-08-14,40679.0,4685.0,20263.0,4870.0,213.764,26.196,142.694,35.797
2022-08-15,37353.0,4718.0,21131.0,5826.0,207.628,26.219,148.402,42.028
2022-08-16,29947.0,4881.0,21058.0,4739.0,161.221,27.257,158.392,33.559
2022-08-17,29985.0,6609.0,19925.0,5455.0,165.478,37.351,143.934,38.774
2022-08-18,34175.0,5965.0,19465.0,4302.0,187.652,33.378,144.029,30.747
2022-08-19,37473.0,5301.0,21089.0,4226.0,207.358,30.184,151.37,30.335
2022-08-20,43492.0,5674.0,20151.0,3979.0,233.641,31.57,144.24,28.319
2022-08-21,35360.0,4864.0,20486.0,4604.0,195.5,26.919,151.043,33.754
2022-08-22,35542.0,4560.0,19383.0,3739.0,193.107,25.1,141.266,26.998
2022-08-23,30613.0,3061.0,19033.0,5710.0,172.355,17.004,134.868,39.778
2022-08-24,33546.0,4779.0,20484.0,4403.0,189.421,26.941,150.595,32.663
2022-08-25,32923.0,4524.0,20531.0,6250.0,174.001,25.69,146.239,43.697
2022-08-26,39747.0,4941.0,20218.0,4345.0,217.252,28.035,150.057,31.231
2022-08-27,39960.0,4625.0,17768.0,5490.0,223.326,25.893,128.959,39.325
2022-08-28,40979.0,4968.0,18036.0,3542.0,214.994,28.779,132.407,25.269
2022-08-29,34787.0,4998.0,17987.0,4276.0,187.037,27.949,131.036,30.428
2022-08-30,32890.0,3347.0,17965.0,5316.0,180.085,19.529,130.684,36.316
2022-08-31,31292.0,5055.0,20078.0,5642.0,172.165,28.921,148.09,40.123
2022-09-01,32476.0,3764.0,18978.0,3537.0,180.748,20.373,139.134,25.499
2022-09-02,38107.0,4903.0,18249.0,4676.0,204.239,27.368,131.267,33.96
2022-09-03,44115.0,5314.0,20088.0,4877.0,245.028,30.237,145.417,34.472
2022-09-04,36350.0,6297.0,18114.0,5692.0,198.694,35.412,132.356,39.883
2022-09-05,32440.0,4986.0,19106.0,4611.0,182.305,27.425,139.177,33.334
2022-09-06,32914.0,4556.0,18733.0,5024.0,174.382,25.271,139.284,34.485
2022-09-07,29647.0,5232.0,18274.0,5120.0,157.154,29.116,134.986,36.364
2022-09-08,31702.0,4684.0,18104.0,4709.0,182.407,25.964,132.27,34.243
2022-09-09,37379.0,5623.0,20777.0,3857.0,207.032,30.59,146.061,27.858
2022-09-10,42710.0,5549.0,20426.0,3395.0,234.916,30.393,150.274,23.99
2022-09-11,36961.0,5085.0,18922.0,4410.0,200.563,28.372,139.529,30.478
2022-09-12,32693.0,4458.0,19059.0,5107.0,188.57,25.433,143.958,36.391
2022-09-13,30625.0,3970.0,20536.0,3373.0,169.709,22.737,154.63,24.144
2022-09-14,29937.0,4946.0,20069.0,4500.0,170.355,27.142,147.957,32.747
2022-09-15,32953.0,5079.0,19694.0,3523.0,183.513,28.307,141.366,24.259
2022-09-16,38315.0,5968.0,20619.0,4440.0,211.559,33.006,150.306,31.019
2022-09-17,39751.0,6979.0,19791.0,4312.0,220.541,38.718,147.66,31.904
2022-09-18,38217.0,6059.0,19634.0,5763.0,217.304,34.176,147.947,41.113
2022-09-19,40454.0,4208.0,19379.0,5922.0,223.543,23.729,139.591,41.871
2022-09-20,30313.0,4319.0,18984.0,5189.0,164.82,23.741,133.853,37.339
2022-09-21,31969.0,3432.0,20934.0,5737.0,175.381,18.536,151.743,39.696
2022-09-22,34074.0,5027.0,19673.0,3024.0,183.805,28.033,143.645,21.537
2022-09-23,40965.0,5120.0,20104.0,4734.0,224.301,29.753,145.888,33.457
2022-09-24,44006.0,6832.0,20924.0,5135.0,241.258,41.894,153.443,35.119
2022-09-25,39526.0,4424.0,19564.0,3172.0,223.254,24.549,146.191,22.665
2022-09-26,34389.0,2933.0,17202.0,4813.0,193.965,15.803,123.264,34.219
2022-09-27,32171.0,3972.0,19417.0,5622.0,176.625,22.637,146.082,38.986
2022-09-28,30383.0,5788.0,18869.0,5065.0,169.212,32.504,132.938,35.196
2022-09-29,31435.0,6328.0,20197.0,5370.0,175.031,36.279,150.691,39.173
2022-09-30,39848.0,4840.0,19811.0,6320.0,221.397,27.344,141.103,45.607
2022-10-01,38936.0,6006.0,20576.0,5496.0,218.921,33.576,147.997,37.983
2022-10-02,41736.0,4541.0,19360.0,4503.0,230.637,25.818,136.807,33.051
2022-10-03,35472.0,4902.0,19109.0,4170.0,197.259,27.978,135.186,30.104
2022-10-04,33336.0,3928.0,19781.0,5127.0,183.257,22.095,145.246,37.246
2022-10-05,31333.0,3594.0,19758.0,5287.0,175.928,20.385,136.284,39.159
2022-10-06,36016.0,4235.0,19911.0,4822.0,194.195,24.005,148.952,34.549
2022-10-07,39394.0,5766.0,20664.0,4951.0,217.905,32.779,155.007,36.767
2022-10-08,41327.0,6544.0,18695.0,4314.0,225.212,36.181,137.785,30.416
2022-10-09,41347.0,5671.0,19424.0,4855.0,239.369,31.14,139.915,34.567
2022-10-10,38105.0,4426.0,19290.0,3908.0,207.583,24.54,145.812,28.219
2022-10-11,31828.0,4438.0,21504.0,6330.0,180.603,24.808,155.993,45.82
2022-10-12,32387.0,5691.0,19727.0,6235.0,185.422,32.781,147.173,43.372
2022-10-13,35124.0,5048.0,21027.0,4584.0,197.731,28.244,153.887,32.819
2022-10-14,38312.0,6613.0,19421.0,4967.0,215.381,38.093,140.459,36.143
2022-10-15,42496.0,5876.0,21159.0,5165.0,233.898,32.852,153.593,37.046
2022-10-16,38528.0,4800.0,20850.0,5260.0,212.109,26.92,152.022,38.728
2022-10-17,33867.0,4640.0,20934.0,4988.0,190.707,26.547,155.225,35.463
2022-10-18,31910.0,5804.0,21825.0,4684.0,176.116,32.635,156.585,33.395
2022-10-19,31413.0,5210.0,19152.0,6101.0,170.41,29.227,139.9,43.757
2022-10-20,39278.0,5552.0,20428.0,6357.0,218.123,31.382,144.132,45.148
2022-10-21,40374.0,6562.0,18857.0,3957.0,229.238,36.91,138.892,28.955
2022-10-22,43237.0,4399.0,21596.0,5214.0,245.764,24.761,153.173,37.695
2022-10-23,42194.0,5510.0,20417.0,5669.0,239.952,29.432,153.144,40.592
2022-10-24,37783.0,4613.0,21032.0,5307.0,206.963,25.463,153.819,40.162
2022-10-25,37775.0,6916.0,20064.0,6708.0,211.724,38.169,151.154,48.535
2022-10-26,33015.0,5127.0,21750.0,5005.0,174.932,28.042,159.478,35.541
2022-10-27,37986.0,4761.0,20678.0,4222.0,210.026,27.155,153.182,30.73
2022-10-28,41317.0,6935.0,21525.0,6123.0,234.737,38.867,160.226,44.675
2022-10-29,45635.0,5635.0,21635.0,3972.0,245.845,32.586,158.844,29.349
2022-10-30,44138.0,6084.0,21846.0,5229.0,245.929,34.579,157.533,38.028
2022-10-31,37989.0,8348.0,23325.0,6169.0,211.256,47.526,167.319,45.897
2022-11-01,36107.0,4846.0,21601.0,6380.0,195.151,26.817,159.012,47.459
2022-11-02,34305.0,5856.0,22774.0,5168.0,181.889,32.634,170.671,37.204
2022-11-03,39022.0,5229.0,21770.0,4111.0,220.393,29.967,158.394,30.062
2022-11-04,42244.0,7404.0,21551.0,5665.0,230.382,41.551,158.535,41.774
2022-11-05,43147.0,5669.0,22237.0,7285.0,237.121,31.586,164.791,53.59
2022-11-06,44593.0,4815.0,22139.0,6403.0,258.223,27.3,163.387,47.565
2022-11-07,41196.0,6219.0,22722.0,4585.0,223.459,35.763,168.514,32.673
2022-11-08,34234.0,4222.0,23480.0,5217.0,190.924,23.743,173.909,37.999
2022-11-09,36398.0,5664.0,23734.0,5536.0,198.938,32.075,177.882,39.625
2022-11-10,40085.0,4301.0,21251.0,6299.0,226.719,23.536,160.925,46.811
2022-11-11,48039.0,5976.0,22877.0,5118.0,277.451,33.38,171.79,36.823
2022-11-12,44417.0,7772.0,23044.0,5098.0,254.082,46.352,173.61,36.68
2022-11-13,45878.0,5974.0,22945.0,5318.0,254.482,33.511,168.621,39.157
2022-11-14,42874.0,6768.0,24213.0,6325.0,237.569,37.798,183.497,45.831
2022-11-15,40659.0,7479.0,24189.0,6217.0,223.904,43.263,177.492,45.736
2022-11-16,41096.0,5378.0,23342.0,6342.0,223.427,29.459,176.049,46.487
2022-11-17,41203.0,5542.0,25147.0,5501.0,227.24,31.157,187.658,39.594
2022-11-18,48298.0,5708.0,24997.0,6887.0,278.758,32.353,184.967,50.018
2022-11-19,48303.0,7842.0,25441.0,7569.0,273.058,44.06,187.953,55.189
2022-11-20,48604.0,6651.0,25218.0,7248.0,264.406,38.524,191.647,53.496
2022-11-21,43500.0,5783.0,27854.0,5597.0,242.422,32.839,207.906,40.772
2022-11-22,39419.0,6095.0,27893.0,5714.0,219.008,34.583,210.903,40.41
2022-11-23,39527.0,7204.0,26664.0,7185.0,220.253,41.281,206.961,55.784
2022-11-24,42618.0,6266.0,26655.0,6368.0,234.34,34.816,205.039,47.454
2022-11-25,49213.0,7162.0,28222.0,6477.0,278.784,40.65,215.307,48.055
2022-11-26,53984.0,6885.0,28078.0,6986.0,308.271,39.013,216.711,52.868
2022-11-27,51523.0,7976.0,26982.0,7200.0,303.885,45.123,208.106,53.907
2022-11-28,48056.0,7978.0,29854.0,9024.0,271.449,45.42,228.031,66.897
2022-11-29,46382.0,5463.0,29844.0,7815.0,260.172,30.385,230.421,59.379
2022-11-30,41774.0,5839.0,29653.0,6337.0,235.839,31.782,227.965,48.728
2022-12-01,48628.0,7179.0,30671.0,7182.0,263.213,40.372,234.869,55.659
2022-12-02,52515.0,7464.0,31317.0,6495.0,289.021,41.082,242.878,47.413
2022-12-03,56568.0,9751.0,31919.0,8395.0,318.949,56.088,253.095,65.642
2022-12-04,54691.0,6821.0,30673.0,8849.0,316.345,39.914,228.664,64.866
2022-12-05,53056.0,7285.0,31610.0,8901.0,297.8,42.422,234.737,68.111
2022-12-06,51729.0,6380.0,31992.0,9873.0,288.257,36.704,249.455,74.403
2022-12-07,47945.0,8689.0,33533.0,6624.0,276.005,49.006,268.561,50.361
2022-12-08,53095.0,7185.0,33159.0,8839.0,296.635,41.379,255.016,68.77
2022-12-09,58468.0,9208.0,35726.0,8523.0,331.581,52.62,287.226,65.458
2022-12-10,59457.0,9317.0,35493.0,8436.0,339.391,52.428,280.233,64.1
2022-12-11,60396.0,7625.0,35469.0,8399.0,337.931,45.67,274.959,67.061
2022-12-12,57379.0,8726.0,36860.0,9004.0,318.356,50.181,288.027,69.489
2022-12-13,51140.0,6400.0,38228.0,9516.0,291.614,36.052,311.958,74.815
2022-12-14,55253.0,7395.0,38659.0,9802.0,306.666,40.521,302.965,75.696
2022-12-15,61345.0,9617.0,38659.0,10115.0,346.389,51.61,306.31,82.516
2022-12-16,61980.0,8564.0,41829.0,9988.0,352.805,49.559,344.224,78.459
2022-12-17,66588.0,9683.0,42972.0,10186.0,378.693,59.043,349.216,81.621
2022-12-18,71954.0,9691.0,42870.0,9306.0,419.618,57.217,342.888,71.954
2022-12-19,66891.0,9559.0,41613.0,11484.0,380.7,53.916,333.212,91.54
2022-12-20,62456.0,8974.0,46342.0,10611.0,344.976,52.863,381.866,86.761
2022-12-21,62308.0,8624.0,45160.0,11343.0,362.735,49.481,369.944,90.79
2022-12-22,65496.0,9501.0,45123.0,9941.0,372.848,55.026,365.096,78.881
2022-12-23,75090.0,12079.0,48380.0,12224.0,426.904,70.547,413.166,97.464
2022-12-24,77422.0,11181.0,50303.0,13138.0,455.688,66.259,414.503,104.45
2022-12-25,77865.0,11368.0,51143.0,11214.0,445.615,64.874,426.799,89.965
2022-12-26,60606.0,8989.0,22371.0,5472.0,338.327,52.891,170.553,38.983
2022-12-27,56669.0,8559.0,23689.0,5873.0,325.146,49.365,178.029,41.712
2022-12-28,58709.0,9144.0,23542.0,6103.0,337.094,53.016,175.187,44.791
2022-12-29,62153.0,6498.0,25130.0,6252.0,360.141,37.715,189.618,45.843
2022-12-30,69832.0,9198.0,23111.0,4716.0,394.673,50.878,172.093,35.195
2022-12-31,74005.0,10003.0,24000.0,5359.0,432.137,57.96,181.174,41.876
2023-01-01,72877.0,10749.0,25361.0,6242.0,428.558,62.008,192.253,45.263
2023-01-02,30622.0,4587.0,19020.0,4787.0,172.174,25.765,131.864,34.737
2023-01-03,29877.0,3854.0,19199.0,4036.0,165.616,21.988,138.345,29.352
2023-01-04,33985.0,5101.0,17345.0,4698.0,192.838,29.732,129.075,34.329
2023-01-05,34136.0,4526.0,17368.0,4421.0,193.48,26.201,127.678,30.89
2023-01-06,35410.0,4705.0,18172.0,4192.0,200.483,26.619,131.812,30.125
2023-01-07,43114.0,6847.0,19059.0,3783.0,237.993,38.546,133.849,26.287
2023-01-08,36423.0,4127.0,18737.0,3205.0,208.067,22.816,132.75,22.212
2023-01-09,36492.0,4491.0,19241.0,3952.0,206.652,25.621,140.273,27.191
2023-01-10,31709.0,3098.0,17553.0,4557.0,175.861,17.828,127.886,32.244
2023-01-11,26875.0,3894.0,21158.0,4906.0,148.639,21.432,156.364,35.466
2023-01-12,32740.0,5742.0,17945.0,2878.0,179.977,31.824,139.958,20.904
2023-01-13,37513.0,5294.0,19208.0,3827.0,206.644,28.491,139.64,26.834
2023-01-14,39316.0,5189.0,19956.0,4563.0,222.59,29.22,142.52,32.118
2023-01-15,40208.0,5125.0,19808.0,5908.0,225.508,27.986,145.036,42.028
2023-01-16,37565.0,4162.0,17377.0,4433.0,209.007,22.984,126.174,31.193
2023-01-17,30414.0,4747.0,19674.0,6075.0,168.397,27.022,141.4,42.87
2023-01-18,31786.0,4333.0,17900.0,5010.0,177.244,23.587,131.653,36.03
2023-01-19,29480.0,4764.0,19149.0,5143.0,160.137,27.282,139.762,35.361
2023-01-20,38492.0,4332.0,19326.0,5224.0,217.707,24.954,141.863,37.28
2023-01-21,43724.0,5642.0,17774.0,5235.0,240.781,32.89,127.96,36.716
2023-01-22,34551.0,4814.0,18194.0,5527.0,193.755,27.007,132.396,40.994
2023-01-23,33697.0,4180.0,19757.0,4963.0,185.959,23.601,149.162,35.019
2023-01-24,32737.0,3930.0,18805.0,4989.0,175.233,23.125,137.966,37.347
2023-01-25,30861.0,4245.0,19662.0,5786.0,166.978,23.295,140.853,41.784
2023-01-26,33038.0,2261.0,19921.0,5801.0,184.583,12.954,150.855,41.618
2023-01-27,37132.0,5980.0,19364.0,6509.0,210.945,34.128,141.899,46.946
2023-01-28,41815.0,6838.0,18719.0,6596.0,240.559,37.859,135.933,48.723
2023-01-29,37080.0,6774.0,18243.0,4091.0,208.899,38.287,139.701,29.126
2023-01-30,33552.0,4271.0,18998.0,4501.0,187.037,24.148,140.763,32.135
2023-01-31,31075.0,5477.0,18746.0,4265.0,173.848,31.597,134.416,31.055
2023-02-01,26449.0,4760.0,18566.0,5207.0,152.07,26.086,136.633,37.232
2023-02-02,30131.0,3058.0,19910.0,3804.0,166.569,17.297,147.604,27.063
2023-02-03,34981.0,4681.0,19425.0,5206.0,193.468,26.17,143.59,37.113
2023-02-04,43787.0,6524.0,17205.0,3692.0,258.591,37.332,123.131,25.872
2023-02-05,41161.0,5592.0,20038.0,4750.0,236.826,31.526,148.136,34.15
2023-02-06,33695.0,4609.0,19786.0,5160.0,194.484,25.898,140.423,35.994
2023-02-07,31506.0,4215.0,19522.0,4637.0,173.476,23.842,141.792,32.412
2023-02-08,30168.0,3132.0,19990.0,5149.0,160.278,17.759,146.581,36.835
2023-02-09,31777.0,4496.0,20491.0,4719.0,177.59,26.987,145.125,34.495
2023-02-10,39992.0,5501.0,18340.0,5781.0,220.246,30.862,135.172,42.173
2023-02-11,40556.0,5008.0,17761.0,5711.0,216.946,28.759,130.371,40.476
2023-02-12,40508.0,4860.0,20275.0,3881.0,222.949,26.926,147.383,27.587
2023-02-13,36453.0,6249.0,19144.0,3336.0,202.343,35.136,140.997,23.642
2023-02-14,28782.0,3369.0,17481.0,4523.0,164.28,18.733,124.684,32.521
2023-02-15,30888.0,5763.0,19776.0,5020.0,171.868,32.139,144.473,35.893
2023-02-16,32238.0,4435.0,19126.0,5216.0,179.822,25.592,141.618,37.547
2023-02-17,37305.0,6112.0,18322.0,4753.0,209.459,35.6,134.444,33.278
2023-02-18,43744.0,5493.0,19626.0,5637.0,247.159,31.869,142.407,40.481
2023-02-19,37327.0,4618.0,19431.0,4858.0,209.335,25.731,140.61,34.616
2023-02-20,34544.0,5761.0,18972.0,3809.0,190.193,31.795,145.225,26.713
2023-02-21,29535.0,5085.0,17872.0,4854.0,166.887,29.327,130.35,34.55
2023-02-22,28369.0,4917.0,19503.0,4525.0,155.937,28.269,143.992,30.828
2023-02-23,35602.0,5018.0,20824.0,6033.0,201.101,27.699,153.64,43.561
2023-02-24,37948.0,4000.0,18333.0,4056.0,212.322,22.258,131.756,28.793
2023-02-25,43013.0,5644.0,17043.0,4857.0,243.076,31.622,132.481,34.414
2023-02-26,39170.0,5819.0,19690.0,4148.0,221.008,32.39,144.838,29.817
2023-02-27,32675.0,4594.0,20487.0,6897.0,180.768,25.998,152.559,50.057
2023-02-28,33786.0,5283.0,18803.0,4362.0,188.523,29.632,137.736,31.49
2023-03-01,29482.0,4528.0,17540.0,5122.0,167.381,25.741,129.022,36.4
2023-03-02,32535.0,5851.0,21194.0,5790.0,179.094,33.41,159.903,40.684
2023-03-03,39308.0,4794.0,20420.0,4250.0,217.777,27.383,146.37,30.174
2023-03-04,35244.0,4465.0,20023.0,4174.0,202.565,25.956,145.342,29.635
2023-03-05,36907.0,4419.0,20900.0,4033.0,209.731,25.798,150.815,28.522
2023-03-06,35665.0,6093.0,19082.0,3920.0,197.232,35.683,141.144,28.911
2023-03-07,29295.0,5890.0,18230.0,3437.0,173.386,33.393,136.473,25.055
2023-03-08,28781.0,4380.0,19407.0,4508.0,160.843,24.388,141.754,32.31
2023-03-09,35774.0,4230.0,17988.0,4599.0,195.756,22.488,131.695,33.471
2023-03-10,35783.0,5977.0,18782.0,4997.0,195.397,34.435,140.513,37.737
2023-03-11,39602.0,5743.0,19887.0,2917.0,230.349,32.683,144.956,20.16
2023-03-12,38109.0,5877.0,19246.0,4706.0,215.68,33.345,139.614,34.81
2023-03-13,36185.0,6669.0,19497.0,5823.0,202.862,38.494,142.494,42.11
2023-03-14,31777.0,4081.0,19587.0,4685.0,176.932,24.111,145.961,33.505
2023-03-15,31072.0,3840.0,19760.0,4368.0,166.062,21.651,143.76,30.874
2023-03-16,35706.0,6318.0,19477.0,4615.0,203.029,34.712,141.464,33.852
2023-03-17,38216.0,5500.0,20049.0,5629.0,225.141,31.615,149.095,40.26
2023-03-18,39196.0,5755.0,19493.0,4128.0,218.997,32.752,139.385,29.579
2023-03-19,40365.0,7847.0,18835.0,5215.0,227.531,45.729,140.533,36.808
2023-03-20,39842.0,6165.0,19089.0,4489.0,226.521,35.319,144.833,31.892
2023-03-21,29072.0,4627.0,18056.0,5753.0,164.716,26.39,130.21,41.894
2023-03-22,28463.0,4061.0,20756.0,3666.0,163.94,23.345,154.992,25.899
2023-03-23,35719.0,3734.0,20147.0,4533.0,205.117,22.021,147.673,32.831
2023-03-24,41208.0,5270.0,20243.0,5421.0,231.679,29.625,145.218,38.478
2023-03-25,41619.0,7500.0,19780.0,5283.0,234.645,43.519,145.602,38.924
2023-03-26,40250.0,5673.0,22121.0,4449.0,231.772,32.325,165.532,31.583
2023-03-27,38455.0,4504.0,19822.0,4492.0,215.183,26.007,142.65,31.402
2023-03-28,32744.0,6195.0,21072.0,5180.0,181.153,35.433,162.347,38.573
2023-03-29,33595.0,6692.0,22769.0,4870.0,196.188,38.035,171.689,35.621
2023-03-30,36561.0,5248.0,21061.0,5910.0,205.56,30.868,150.801,41.912
2023-03-31,42597.0,5876.0,23127.0,4851.0,239.974,33.745,175.247,35.622
2023-04-01,43446.0,6228.0,20590.0,5408.0,243.232,35.828,157.589,38.855
2023-04-02,44877.0,5536.0,20659.0,5076.0,250.688,31.676,152.305,37.299
2023-04-03,44707.0,5452.0,21674.0,5696.0,245.996,32.096,159.088,42.076
2023-04-04,39972.0,6301.0,22490.0,4859.0,223.859,35.615,174.641,35.561
2023-04-05,36342.0,5681.0,22089.0,4146.0,198.504,31.561,161.14,29.134
2023-04-06,43032.0,5948.0,23643.0,6652.0,244.342,33.743,179.99,48.039
2023-04-07,46113.0,6853.0,23953.0,5678.0,250.772,38.748,182.002,41.808
2023-04-08,49395.0,5979.0,24181.0,5903.0,278.385,34.129,178.797,43.97
2023-04-09,47679.0,7014.0,25784.0,4856.0,273.49,41.005,185.761,36.073
2023-04-10,32603.0,4602.0,18234.0,5501.0,179.269,26.607,133.592,39.853
2023-04-11,26401.0,4673.0,20397.0,4453.0,149.982,26.2,150.682,32.048
2023-04-12,28778.0,4990.0,19316.0,5442.0,155.911,29.722,142.3,39.586
2023-04-13,33680.0,2540.0,18469.0,4246.0,193.152,14.666,141.584,30.767
2023-04-14,38655.0,6576.0,20058.0,3896.0,221.786,36.992,144.538,28.848
2023-04-15,40739.0,4092.0,19764.0,4865.0,232.431,23.334,148.645,35.345
2023-04-16,37244.0,5108.0,20507.0,5167.0,210.77,29.253,153.016,36.825
2023-04-17,33285.0,4984.0,19777.0,3602.0,192.35,28.518,141.363,26.43
2023-04-18,29218.0,4860.0,18821.0,4932.0,160.733,27.137,138.468,35.301
2023-04-19,31874.0,4077.0,19378.0,4916.0,175.661,23.234,144.142,35.561
2023-04-20,35359.0,6095.0,19154.0,3500.0,195.625,35.081,143.451,24.641
2023-04-21,37447.0,5880.0,18002.0,3888.0,214.885,34.083,126.969,27.929
2023-04-22,40348.0,5494.0,18625.0,4775.0,232.263,32.001,134.955,33.981
2023-04-23,41272.0,5716.0,19451.0,3459.0,231.049,32.709,138.863,25.247
2023-04-24,33512.0,6299.0,18696.0,3537.0,193.284,35.654,135.189,25.748
2023-04-25,30327.0,4822.0,19877.0,5209.0,173.421,27.669,144.597,36.088
2023-04-26,26735.0,4351.0,17095.0,4225.0,157.23,24.762,124.721,30.994
2023-04-27,34029.0,3912.0,18004.0,4646.0,192.444,22.496,129.72,32.413
2023-04-28,37696.0,5336.0,19670.0,6343.0,209.999,31.085,140.891,47.131
2023-04-29,37725.0,6332.0,17758.0,5156.0,213.629,35.084,136.011,36.429
2023-04-30,35571.0,5187.0,19290.0,4725.0,208.187,29.963,145.889,34.612
2023-05-01,36739.0,5622.0,18999.0,4832.0,216.913,32.862,138.579,35.401
2023-05-02,32994.0,3693.0,19933.0,3745.0,180.148,21.519,151.276,27.874
2023-05-03,30077.0,4841.0,18217.0,3717.0,176.747,27.661,134.882,26.774
2023-05-04,32212.0,3884.0,18211.0,4342.0,179.036,22.774,136.863,30.773
2023-05-05,33416.0,4293.0,18623.0,5233.0,188.061,24.46,143.746,38.097
2023-05-06,39673.0,6144.0,17648.0,5885.0,224.771,35.971,126.501,42.765
2023-05-07,39032.0,5683.0,19436.0,4389.0,220.478,33.593,137.738,31.934
2023-05-08,39559.0,4380.0,18719.0,4625.0,224.053,24.395,131.801,32.839
2023-05-09,28664.0,3142.0,19485.0,4676.0,160.778,18.159,141.389,33.316
2023-05-10,30379.0,5158.0,21370.0,4971.0,176.713,28.221,154.113,35.418
2023-05-11,34904.0,4907.0,18978.0,3672.0,196.232,28.601,134.189,27.115
2023-05-12,38420.0,5400.0,19241.0,4849.0,215.294,31.708,144.079,35.44
2023-05-13,40666.0,5759.0,19008.0,5586.0,232.574,33.088,135.184,42.364
2023-05-14,42405.0,4780.0,16260.0,6898.0,238.577,27.346,122.569,48.994
2023-05-15,36654.0,4317.0,19622.0,5076.0,205.312,24.901,141.194,35.207
2023-05-16,28998.0,4909.0,18522.0,5005.0,165.488,27.813,138.31,35.245
2023-05-17,29348.0,3618.0,20462.0,5508.0,167.548,20.639,151.616,40.443
2023-05-18,34364.0,5116.0,20794.0,4929.0,194.772,29.971,155.825,35.423
2023-05-19,40669.0,5369.0,20906.0,4242.0,233.144,31.663,151.085,29.881
2023-05-20,40547.0,5326.0,19690.0,5146.0,229.434,30.55,144.04,36.608
2023-05-21,43132.0,7917.0,18964.0,5669.0,252.737,45.485,139.82,41.14
2023-05-22,37723.0,4982.0,19119.0,4932.0,213.401,28.637,144.3,34.021
2023-05-23,30087.0,4639.0,21070.0,4514.0,169.69,26.763,149.38,31.84
2023-05-24,28111.0,3165.0,18551.0,4958.0,154.231,18.079,137.242,34.115
2023-05-25,35256.0,5396.0,19113.0,5318.0,197.986,31.5,143.519,38.255
2023-05-26,35542.0,5551.0,20278.0,3862.0,209.854,31.853,151.54,27.44
2023-05-27,42655.0,4909.0,20922.0,5549.0,246.481,28.924,151.672,40.384
2023-05-28,38723.0,5715.0,19033.0,4367.0,220.063,32.826,141.058,30.496
2023-05-29,36317.0,5890.0,20088.0,4731.0,204.261,33.902,145.56,33.143
2023-05-30,31201.0,4216.0,19218.0,4585.0,175.274,23.498,145.825,32.01
2023-05-31,29239.0,5109.0,19635.0,4450.0,167.527,29.211,143.084,31.821
2023-06-01,32967.0,5344.0,19814.0,4501.0,185.704,30.874,144.643,31.624
2023-06-02,41611.0,5103.0,19902.0,6296.0,237.183,29.07,147.311,45.288
2023-06-03,42659.0,4897.0,22218.0,5176.0,244.305,28.474,160.662,37.598
2023-06-04,43496.0,5056.0,20102.0,5442.0,248.825,29.064,151.935,39.111
2023-06-05,36886.0,5113.0,18116.0,5952.0,206.955,28.913,134.734,42.044
2023-06-06,33492.0,4483.0,18898.0,3963.0,187.233,26.296,141.761,28.415
2023-06-07,31473.0,3731.0,19341.0,3432.0,178.827,21.401,148.929,24.97
2023-06-08,33466.0,3256.0,20943.0,4076.0,195.807,18.053,149.253,29.578
2023-06-09,39322.0,5055.0,19691.0,3057.0,229.126,28.544,148.109,22.428
2023-06-10,46322.0,7321.0,17241.0,5089.0,266.104,42.505,119.391,37.359
2023-06-11,40951.0,6460.0,20546.0,6111.0,232.207,38.61,148.759,45.086
2023-06-12,39429.0,5278.0,19865.0,4936.0,222.273,30.472,143.094,35.553
2023-06-13,34100.0,4739.0,20632.0,6857.0,201.121,27.943,151.49,49.978
2023-06-14,33346.0,4969.0,19316.0,6338.0,184.865,28.38,144.901,46.905
2023-06-15,36100.0,4468.0,20249.0,5112.0,202.808,25.162,143.923,36.967
2023-06-16,38330.0,3873.0,20674.0,4963.0,216.059,22.286,156.53,37.518
2023-06-17,42312.0,4987.0,20435.0,2981.0,233.797,29.427,148.61,21.498
2023-06-18,42096.0,6290.0,19577.0,4176.0,243.405,37.205,142.532,29.655
2023-06-19,37604.0,5015.0,22367.0,6601.0,210.726,29.891,165.684,48.968
2023-06-20,34302.0,4713.0,20896.0,2820.0,192.664,26.069,152.769,20.514
2023-06-21,31925.0,5553.0,20486.0,4849.0,185.332,32.939,154.476,34.355
2023-06-22,37050.0,5595.0,20243.0,5335.0,207.717,32.721,159.963,39.134
2023-06-23,38314.0,5429.0,18164.0,5683.0,227.004,30.843,131.3,40.644
2023-06-24,45626.0,6560.0,19832.0,3874.0,263.006,39.142,145.475,27.003
2023-06-25,41238.0,5420.0,21252.0,5343.0,232.018,31.211,157.172,38.601
2023-06-26,41902.0,6273.0,21005.0,5405.0,236.106,36.716,155.766,40.207
2023-06-27,36643.0,4495.0,20217.0,5749.0,210.618,25.741,153.118,42.006
2023-06-28,34677.0,4120.0,20225.0,5714.0,193.347,23.325,152.381,41.081
2023-06-29,34597.0,6237.0,20598.0,5396.0,197.792,35.845,157.445,40.088
2023-06-30,42217.0,4497.0,20091.0,6151.0,244.895,25.633,152.856,45.913
2023-07-01,42560.0,5173.0,20250.0,5261.0,244.427,29.733,148.382,37.851
2023-07-02,45355.0,6320.0,20635.0,5435.0,260.597,37.06,150.811,39.533
2023-07-03,38844.0,5212.0,19161.0,5159.0,222.179,30.489,141.92,38.028
2023-07-04,32199.0,4132.0,22136.0,5365.0,182.144,24.381,161.77,38.011
2023-07-05,38585.0,4466.0,20977.0,4891.0,221.135,25.612,154.823,34.824
2023-07-06,36744.0,4959.0,20906.0,3887.0,218.085,29.102,155.26,27.843
2023-07-07,40646.0,8096.0,19593.0,4321.0,239.102,46.831,144.275,31.924
2023-07-08,43177.0,6610.0,21512.0,5763.0,251.762,37.163,156.597,41.592
2023-07-09,41772.0,6161.0,19805.0,4906.0,237.567,35.354,144.986,35.176
2023-07-10,37295.0,5288.0,20223.0,4937.0,219.251,29.773,146.881,36.753
2023-07-11,35439.0,3905.0,20862.0,4363.0,200.642,22.431,153.708,31.664
2023-07-12,29135.0,3159.0,20269.0,5108.0,162.558,18.606,151.745,37.639
2023-07-13,32532.0,4406.0,18576.0,5989.0,188.141,25.358,134.837,43.214
2023-07-14,41512.0,5465.0,21033.0,5559.0,238.905,32.646,158.578,40.266
2023-07-15,43528.0,5502.0,20322.0,4266.0,253.206,32.603,152.952,31.307
2023-07-16,40387.0,5033.0,21822.0,5350.0,224.355,28.745,161.156,39.274
2023-07-17,35447.0,4755.0,21274.0,4105.0,204.277,25.751,156.129,29.648
2023-07-18,34041.0,3845.0,19267.0,5279.0,192.808,23.023,141.448,37.395
2023-07-19,30437.0,4218.0,21071.0,4086.0,176.466,24.455,152.337,29.755
2023-07-20,34153.0,6308.0,19303.0,3776.0,203.807,35.316,140.231,27.855
2023-07-21,39153.0,5182.0,19682.0,3904.0,227.321,29.859,143.825,27.962
2023-07-22,39216.0,4800.0,19963.0,4523.0,221.141,28.076,148.969,32.543
2023-07-23,38956.0,5646.0,19780.0,4132.0,221.4,33.019,150.557,29.25
2023-07-24,38656.0,3651.0,17718.0,5219.0,225.119,20.445,131.805,38.274
2023-07-25,29539.0,5454.0,18992.0,5057.0,170.179,31.232,143.636,34.431
2023-07-26,33812.0,4185.0,20895.0,4803.0,196.552,24.039,159.797,35.32
2023-07-27,32324.0,4578.0,19833.0,4061.0,184.847,26.204,145.737,29.488
2023-07-28,37613.0,5345.0,17575.0,3915.0,220.596,31.112,132.659,28.184
2023-07-29,41026.0,5670.0,18909.0,3478.0,228.703,32.037,133.207,24.941
2023-07-30,41534.0,4128.0,20484.0,4740.0,242.499,24.368,146.081,32.557
2023-07-31,34921.0,5598.0,19381.0,3481.0,203.016,32.614,138.03,24.862
2023-08-01,32674.0,4476.0,19532.0,6135.0,189.926,25.698,144.808,44.011
2023-08-02,28559.0,3174.0,19582.0,5125.0,168.669,18.711,142.711,37.945
2023-08-03,34123.0,5594.0,20421.0,3604.0,195.36,32.42,158.198,26.651
2023-08-04,36531.0,5656.0,19604.0,4619.0,206.037,33.483,141.714,32.29
2023-08-05,42355.0,5871.0,19222.0,5338.0,244.4,33.604,140.861,38.884
2023-08-06,39869.0,4602.0,19625.0,3327.0,230.795,25.544,141.408,24.623
2023-08-07,35693.0,5273.0,19585.0,5870.0,203.833,30.724,143.701,41.832
2023-08-08,29229.0,4447.0,19423.0,5068.0,166.231,26.015,146.839,36.692
2023-08-09,27520.0,4060.0,19706.0,4664.0,157.13,22.987,144.246,33.663
2023-08-10,33566.0,4299.0,19614.0,4537.0,196.494,25.292,146.842,32.305
2023-08-11,38429.0,5720.0,19246.0,5337.0,223.796,34.076,138.576,37.551
2023-08-12,42104.0,5351.0,18950.0,3846.0,247.298,31.25,141.967,28.109
2023-08-13,41006.0,4842.0,19370.0,5000.0,235.354,27.848,138.959,35.728
2023-08-14,38186.0,5380.0,19061.0,4778.0,215.295,30.993,138.693,34.144
2023-08-15,31259.0,3609.0,21193.0,4631.0,176.734,20.777,151.185,33.694
2023-08-16,29267.0,3202.0,18759.0,4637.0,166.01,18.569,140.746,32.796
2023-08-17,32108.0,4813.0,20281.0,4421.0,184.938,27.415,149.398,31.341
2023-08-18,39517.0,6232.0,18332.0,4991.0,235.153,35.319,134.257,35.805
2023-08-19,42668.0,5152.0,16879.0,4709.0,246.053,30.656,125.948,34.775
2023-08-20,38043.0,4264.0,20084.0,5001.0,219.505,24.764,146.653,36.752
2023-08-21,36186.0,5346.0,20583.0,5894.0,210.766,31.397,153.85,42.374
2023-08-22,30206.0,4972.0,19843.0,4714.0,170.243,28.246,146.487,34.58
2023-08-23,28876.0,4565.0,19559.0,3783.0,164.304,26.531,143.446,27.918
2023-08-24,33802.0,4292.0,19262.0,5039.0,198.004,24.226,141.776,37.189
2023-08-25,35455.0,5246.0,19363.0,6355.0,207.295,30.427,143.856,47.41
2023-08-26,42148.0,6038.0,21085.0,5622.0,252.014,34.71,154.347,40.278
2023-08-27,37934.0,7774.0,21643.0,4111.0,219.775,43.991,162.667,29.933
2023-08-28,36093.0,5577.0,19318.0,4739.0,203.261,31.074,143.852,35.088
2023-08-29,30490.0,5418.0,20351.0,4355.0,174.337,31.085,151.18,31.681
2023-08-30,34083.0,4648.0,20287.0,4249.0,193.496,26.454,148.73,30.612
2023-08-31,28900.0,5479.0,17976.0,2898.0,170.85,32.406,134.385,20.817
2023-09-01,40119.0,5558.0,19181.0,4842.0,239.669,32.008,142.537,35.251
2023-09-02,39226.0,5280.0,20295.0,4241.0,231.776,32.077,147.787,30.487
2023-09-03,37786.0,5491.0,19121.0,4997.0,215.067,31.696,148.164,36.025
2023-09-04,34301.0,4907.0,18688.0,4831.0,195.67,27.997,142.937,35.272
2023-09-05,30247.0,6052.0,20100.0,5026.0,173.309,35.163,145.257,35.605
2023-09-06,27977.0,4042.0,21654.0,5151.0,161.641,24.64,161.771,37.223
2023-09-07,36230.0,4802.0,18637.0,5281.0,206.252,27.721,139.545,37.256
2023-09-08,35630.0,4734.0,18396.0,5754.0,200.686,28.893,134.556,41.288
2023-09-09,40289.0,6846.0,20229.0,4962.0,240.113,40.37,149.572,35.143
2023-09-10,40145.0,4565.0,21239.0,4885.0,244.701,26.573,160.731,36.176
2023-09-11,32466.0,5544.0,19800.0,5005.0,187.591,31.72,148.515,36.785
2023-09-12,33738.0,5479.0,17888.0,4973.0,194.578,32.855,131.976,36.289
2023-09-13,29768.0,4089.0,21977.0,5209.0,166.741,24.045,165.88,38.651
2023-09-14,32821.0,5755.0,19666.0,4132.0,191.753,34.409,145.757,29.898
2023-09-15,37091.0,4858.0,19223.0,5823.0,212.689,27.907,139.21,42.078
2023-09-16,39598.0,6562.0,19193.0,5190.0,224.358,39.13,142.023,39.072
2023-09-17,40742.0,5663.0,20491.0,4270.0,230.626,33.197,155.981,30.703
2023-09-18,37637.0,5897.0,20115.0,3323.0,213.523,33.792,159.029,23.85
2023-09-19,31504.0,3904.0,20937.0,4613.0,178.115,22.832,153.303,32.019
2023-09-20,29216.0,5641.0,19688.0,4629.0,170.364,33.796,149.166,33.968
2023-09-21,34714.0,4862.0,20666.0,3404.0,207.044,28.901,155.635,24.411
2023-09-22,40823.0,4794.0,21918.0,5086.0,241.769,29.146,160.04,36.637
2023-09-23,42857.0,6473.0,19841.0,6166.0,251.395,38.877,151.01,46.916
2023-09-24,40927.0,5277.0,20340.0,3483.0,234.706,30.612,153.121,25.974
2023-09-25,35565.0,7593.0,20209.0,4298.0,203.838,44.44,147.25,30.244
2023-09-26,31509.0,4441.0,21296.0,4953.0,183.191,25.81,158.717,36.54
2023-09-27,30502.0,4915.0,20677.0,6708.0,174.332,28.129,148.916,48.29
2023-09-28,36252.0,6989.0,21123.0,6040.0,212.266,41.071,157.106,44.771
2023-09-29,39049.0,6410.0,21041.0,5300.0,223.682,37.176,161.723,38.445
2023-09-30,41596.0,4966.0,19789.0,4108.0,238.564,29.392,147.313,30.807
2023-10-01,41400.0,6117.0,21726.0,5819.0,244.453,36.149,161.419,43.106
2023-10-02,36354.0,5073.0,21726.0,4941.0,212.812,29.502,158.904,35.888
2023-10-03,36366.0,3605.0,21072.0,5216.0,208.493,21.284,153.708,37.384
2023-10-04,35807.0,5824.0,20475.0,5022.0,208.416,34.184,154.312,36.862
2023-10-05,34837.0,5147.0,21857.0,6144.0,208.976,30.94,160.922,45.316
2023-10-06,39158.0,5323.0,22318.0,5154.0,225.828,31.806,167.215,37.443
2023-10-07,43956.0,5680.0,22510.0,5539.0,259.91,33.21,171.15,40.998
2023-10-08,43325.0,5170.0,22767.0,3639.0,252.502,29.175,171.002,26.447
2023-10-09,38064.0,6483.0,21900.0,5337.0,225.162,37.473,167.038,37.789
2023-10-10,31591.0,4910.0,22039.0,5469.0,181.652,28.495,161.599,38.9
2023-10-11,33335.0,3346.0,20988.0,4746.0,188.615,19.485,154.241,35.359
2023-10-12,38520.0,6247.0,20715.0,5328.0,223.752,36.099,158.827,38.525
2023-10-13,41388.0,5546.0,21839.0,5013.0,247.091,31.894,166.828,36.822
2023-10-14,42439.0,5016.0,21663.0,5406.0,244.875,28.376,163.668,38.433
2023-10-15,40450.0,4836.0,22030.0,4631.0,232.498,28.007,168.511,33.248
2023-10-16,36502.0,3993.0,22838.0,4460.0,208.149,24.215,169.632,31.58
2023-10-17,34552.0,5082.0,20842.0,6621.0,208.138,29.537,158.366,50.115
2023-10-18,32911.0,4252.0,22547.0,5389.0,188.86,25.078,165.849,38.003
2023-10-19,38183.0,5538.0,24399.0,7249.0,227.1,32.259,188.578,52.866
2023-10-20,40031.0,5077.0,23766.0,5285.0,232.268,30.321,181.072,38.394
2023-10-21,47511.0,5550.0,22748.0,5385.0,272.863,33.657,169.879,41.086
2023-10-22,43253.0,5791.0,22526.0,5721.0,256.197,33.795,165.768,42.819
2023-10-23,39600.0,5255.0,22181.0,4935.0,228.505,31.009,171.724,35.905
2023-10-24,36997.0,5175.0,22770.0,5249.0,214.015,30.482,171.74,38.705
2023-10-25,36413.0,6840.0,21626.0,6375.0,211.868,39.81,164.439,47.504
2023-10-26,38368.0,4884.0,22450.0,5895.0,227.556,29.075,164.553,44.111
2023-10-27,40947.0,6652.0,23776.0,4920.0,246.392,37.008,182.164,36.628
2023-10-28,42702.0,6626.0,24503.0,6072.0,259.254,38.993,183.564,44.017
2023-10-29,43230.0,5666.0,24906.0,6758.0,244.952,32.185,185.626,50.933
2023-10-30,38947.0,6278.0,23979.0,6129.0,222.337,37.705,179.088,46.587
2023-10-31,37040.0,5364.0,23133.0,5459.0,218.464,31.126,180.979,40.182
2023-11-01,34441.0,5540.0,24777.0,5048.0,204.192,32.819,189.522,36.467
2023-11-02,38934.0,5511.0,25958.0,6800.0,221.088,32.34,197.09,51.031
2023-11-03,43397.0,4625.0,25163.0,6649.0,247.559,26.287,195.117,49.549
2023-11-04,47851.0,7109.0,24895.0,3992.0,280.334,42.564,195.18,29.055
2023-11-05,44091.0,4328.0,24948.0,5580.0,260.029,25.363,191.858,42.323
2023-11-06,42435.0,5006.0,27361.0,6089.0,240.037,28.189,210.403,46.118
2023-11-07,37505.0,5829.0,26904.0,7053.0,215.456,34.288,206.07,53.239
2023-11-08,37379.0,4885.0,24756.0,7374.0,218.504,28.534,186.393,54.115
2023-11-09,41054.0,4500.0,27145.0,6489.0,244.375,27.168,210.05,48.021
2023-11-10,41773.0,6169.0,27838.0,7063.0,249.05,36.974,205.666,53.784
2023-11-11,46924.0,7578.0,27061.0,4848.0,277.506,44.425,203.672,35.294
2023-11-12,45125.0,6049.0,27468.0,6570.0,255.429,35.508,218.56,50.123
2023-11-13,43591.0,7090.0,27608.0,6910.0,252.195,43.063,212.657,54.13
2023-11-14,41784.0,6786.0,27755.0,7839.0,249.652,40.38,219.392,60.627
2023-11-15,37250.0,5061.0,29981.0,5792.0,217.869,28.262,242.119,44.054
2023-11-16,41599.0,6421.0,28107.0,7876.0,245.196,38.314,222.487,60.099
2023-11-17,46141.0,5657.0,28089.0,4975.0,263.159,33.431,220.259,37.401
2023-11-18,50604.0,6872.0,29722.0,7319.0,291.112,41.422,232.862,55.484
2023-11-19,46675.0,6768.0,29868.0,7108.0,267.687,39.277,229.123,53.011
2023-11-20,45614.0,7200.0,28737.0,8355.0,271.78,42.25,230.658,63.504
2023-11-21,41039.0,5060.0,30189.0,7664.0,239.865,29.903,237.485,59.308
2023-11-22,38183.0,6373.0,31140.0,9183.0,224.612,39.255,242.95,69.883
2023-11-23,42979.0,6347.0,33218.0,6650.0,255.62,37.185,268.583,50.402
2023-11-24,46411.0,5257.0,32773.0,7187.0,273.4,32.055,261.512,55.172
2023-11-25,54232.0,7847.0,30977.0,7191.0,316.267,46.792,245.248,55.134
2023-11-26,52512.0,8672.0,31107.0,8140.0,320.627,50.03,238.799,64.347
2023-11-27,49397.0,6606.0,33217.0,7973.0,285.186,38.767,256.345,63.714
2023-11-28,48100.0,6961.0,34053.0,9228.0,282.169,40.865,279.653,72.861
2023-11-29,45153.0,5727.0,35541.0,9764.0,266.87,33.763,291.852,76.315
2023-11-30,49848.0,5655.0,35124.0,8772.0,287.987,33.28,284.511,70.721
2023-12-01,52445.0,8628.0,36681.0,9664.0,318.712,50.057,287.975,77.539
2023-12-02,53088.0,7949.0,36982.0,7750.0,320.334,47.527,299.519,60.886
2023-12-03,59623.0,6285.0,36903.0,8185.0,348.768,37.36,299.231,66.192
2023-12-04,51466.0,6233.0,38019.0,9226.0,309.52,36.004,314.542,75.187
2023-12-05,50187.0,7241.0,38769.0,9499.0,295.131,44.726,305.2,75.285
2023-12-06,49841.0,6082.0,39798.0,8043.0,282.817,36.176,318.983,64.611
2023-12-07,52249.0,7801.0,40132.0,10130.0,307.941,46.129,319.923,83.552
2023-12-08,60791.0,9400.0,40651.0,9577.0,370.743,56.227,331.247,76.839
2023-12-09,59733.0,8575.0,41445.0,9379.0,365.254,52.661,344.591,76.434
2023-12-10,56778.0,7725.0,42535.0,10980.0,344.944,46.814,345.854,92.47
2023-12-11,54837.0,8610.0,40922.0,10911.0,321.152,52.636,341.294,85.877
2023-12-12,57738.0,6980.0,43135.0,10549.0,336.316,42.65,352.089,84.613
2023-12-13,50502.0,6322.0,45568.0,11297.0,299.935,39.18,374.664,91.425
2023-12-14,55476.0,7605.0,45249.0,10786.0,325.541,43.396,391.65,87.716
2023-12-15,66255.0,9740.0,46668.0,10791.0,387.683,57.222,399.908,91.471
2023-12-16,68324.0,9600.0,47179.0,12030.0,414.715,60.644,393.785,101.116
2023-12-17,67751.0,9800.0,49423.0,11709.0,425.232,59.209,418.158,97.876
2023-12-18,64309.0,10022.0,50253.0,12035.0,392.073,58.893,430.827,100.434
2023-12-19,60316.0,8958.0,51435.0,12249.0,365.914,54.534,445.35,100.373
2023-12-20,62618.0,10130.0,51502.0,12718.0,370.566,61.194,459.559,106.786
2023-12-21,66495.0,8467.0,54564.0,14423.0,387.877,50.064,471.778,120.58
2023-12-22,71557.0,9032.0,54307.0,13907.0,447.533,54.06,465.639,121.105
2023-12-23,72337.0,9872.0,56487.0,15131.0,437.275,61.619,494.907,134.478
2023-12-24,74487.0,11479.0,58131.0,12809.0,451.243,69.841,500.629,107.789
2023-12-25,74309.0,10699.0,59325.0,14018.0,436.629,64.448,529.253,121.797
2023-12-26,56268.0,8603.0,33985.0,7735.0,327.808,52.278,268.489,59.64
2023-12-27,61027.0,9840.0,33570.0,8373.0,352.943,60.318,271.707,64.966
2023-12-28,57945.0,8375.0,33899.0,8568.0,342.341,51.309,264.907,69.545
2023-12-29,66175.0,9907.0,34169.0,8651.0,386.845,60.655,278.928,70.386
2023-12-30,70646.0,7668.0,35765.0,9220.0,431.499,47.721,287.178,72.56
2023-12-31,69275.0,9111.0,36356.0,7674.0,416.146,55.637,299.095,61.314
